,Date,Price,Open,High,Low,Vol.,Change%
0,2019-03-13,7148.17,7128.25,7162.5,7128.25,0,-0.04
1,2019-03-12,7151.15,7130.62,7166.55,7083.22,775290000,0.29
2,2019-03-11,7130.62,7104.31,7181.61,7104.31,695140000,0.37
3,2019-03-08,7104.31,7157.55,7157.55,7077.93,640780000,-0.74
4,2019-03-07,7157.55,7196.0,7196.0,7126.57,712680000,-0.53
5,2019-03-06,7196.0,7183.43,7211.83,7170.25,816150000,0.17
6,2019-03-05,7183.43,7134.39,7191.65,7127.18,819860000,0.69
7,2019-03-04,7134.39,7106.73,7166.19,7106.73,654230000,0.39
8,2019-03-01,7106.73,7074.73,7129.72,7074.73,722480000,0.45
9,2019-02-28,7074.73,7107.2,7107.2,7041.03,1010000000,-0.46
10,2019-02-27,7107.2,7151.12,7151.12,7082.62,897620000,-0.61
11,2019-02-26,7151.12,7183.74,7183.79,7091.59,892460000,-0.45
12,2019-02-25,7183.74,7178.6,7210.7,7158.19,664870000,0.07
13,2019-02-22,7178.6,7167.39,7220.52,7162.37,666720000,0.16
14,2019-02-21,7167.39,7228.62,7228.78,7141.85,822590000,-0.85
15,2019-02-20,7228.62,7179.17,7234.16,7177.95,887890000,0.69
16,2019-02-19,7179.17,7219.47,7219.53,7162.8,643410000,-0.56
17,2019-02-18,7219.47,7236.68,7242.09,7209.7,453430000,-0.24
18,2019-02-15,7236.68,7197.01,7261.63,7185.23,709700000,0.55
19,2019-02-14,7197.01,7190.84,7232.83,7183.01,535040000,0.09
20,2019-02-13,7190.84,7133.14,7205.07,7133.14,578840000,0.81
21,2019-02-12,7133.14,7129.11,7168.61,7121.72,542970000,0.06
22,2019-02-11,7129.11,7071.18,7149.23,7071.18,565260000,0.82
23,2019-02-08,7071.18,7093.58,7115.83,7064.9,548730000,-0.32
24,2019-02-07,7093.58,7173.09,7187.51,7093.58,669720000,-1.11
25,2019-02-06,7173.09,7177.37,7184.22,7146.65,618000000,-0.06
26,2019-02-05,7177.37,7034.13,7180.71,7033.57,683460000,2.04
27,2019-02-04,7034.13,7020.22,7046.58,7002.42,630900000,0.2
28,2019-02-01,7020.22,6968.85,7024.45,6968.85,645350000,0.74
29,2019-01-31,6968.85,6941.63,6994.88,6941.09,893090000,0.39
30,2019-01-30,6941.63,6833.93,6967.7,6833.93,771900000,1.58
31,2019-01-29,6833.93,6747.1,6860.34,6747.1,718590000,1.29
32,2019-01-28,6747.1,6809.22,6812.53,6734.0,668240000,-0.91
33,2019-01-25,6809.22,6818.95,6858.19,6806.77,749990000,-0.14
34,2019-01-24,6818.95,6842.88,6854.59,6802.03,618510000,-0.35
35,2019-01-23,6842.88,6901.39,6901.63,6834.3,666010000,-0.85
36,2019-01-22,6901.39,6970.59,6970.59,6880.69,583460000,-0.99
37,2019-01-21,6970.59,6968.33,6987.93,6954.52,488780000,0.03
38,2019-01-18,6968.33,6834.92,6984.36,6834.92,820330000,1.95
39,2019-01-17,6834.92,6862.68,6862.68,6799.03,600660000,-0.4
40,2019-01-16,6862.68,6895.02,6912.44,6848.57,811960000,-0.47
41,2019-01-15,6895.02,6855.02,6910.45,6849.63,708580000,0.58
42,2019-01-14,6855.02,6918.18,6918.21,6841.74,704570000,-0.91
43,2019-01-11,6918.18,6942.87,7001.94,6902.65,701510000,-0.36
44,2019-01-10,6942.87,6906.63,6948.18,6860.82,630320000,0.52
45,2019-01-09,6906.63,6861.6,6938.31,6861.6,887290000,0.66
46,2019-01-08,6861.6,6810.88,6901.48,6804.89,672100000,0.74
47,2019-01-07,6810.88,6837.42,6874.11,6778.01,759330000,-0.39
48,2019-01-04,6837.42,6692.66,6850.37,6692.5,658880000,2.16
49,2019-01-03,6692.66,6734.23,6753.14,6685.09,694920000,-0.62
50,2019-01-02,6734.23,6728.13,6753.29,6599.48,633240000,0.09
51,2018-12-31,6728.13,6733.97,6752.54,6718.32,232270000,-0.09
52,2018-12-28,6733.97,6584.68,6742.48,6584.68,515160000,2.27
53,2018-12-27,6584.68,6685.99,6728.49,6536.53,608360000,-1.52
54,2018-12-24,6685.99,6721.17,6721.17,6661.04,198770000,-0.52
55,2018-12-21,6721.17,6711.93,6733.0,6653.65,1650000000,0.14
56,2018-12-20,6711.93,6765.94,6765.94,6646.45,929570000,-0.8
57,2018-12-19,6765.94,6701.59,6785.16,6698.15,777370000,0.96
58,2018-12-18,6701.59,6773.24,6773.24,6701.59,880780000,-1.06
59,2018-12-17,6773.24,6845.17,6845.17,6761.38,734720000,-1.05
60,2018-12-14,6845.17,6877.5,6877.5,6788.65,736010000,-0.47
61,2018-12-13,6877.5,6880.19,6908.48,6848.98,757820000,-0.04
62,2018-12-12,6880.19,6806.94,6902.19,6806.94,1100000000,1.08
63,2018-12-11,6806.94,6721.54,6857.58,6721.54,867260000,1.27
64,2018-12-10,6721.54,6778.11,6815.84,6719.17,891070000,-0.83
65,2018-12-07,6778.11,6704.05,6868.27,6704.05,845320000,1.1
66,2018-12-06,6704.05,6921.84,6921.84,6673.57,1060000000,-3.15
67,2018-12-05,6921.84,7022.76,7028.65,6921.84,813440000,-1.44
68,2018-12-04,7022.76,7062.41,7095.01,7002.71,844630000,-0.56
69,2018-12-03,7062.41,6980.24,7145.49,6980.24,891140000,1.18
70,2018-11-30,6980.24,7038.95,7042.07,6965.6,1220000000,-0.83
71,2018-11-29,7038.95,7004.52,7078.37,7004.52,797790000,0.49
72,2018-11-28,7004.52,7016.85,7057.03,6987.25,825360000,-0.18
73,2018-11-27,7016.85,7036.0,7043.7,6983.98,855620000,-0.27
74,2018-11-26,7036.0,6952.86,7050.96,6952.86,826830000,1.2
75,2018-11-23,6952.86,6960.32,6987.53,6912.3,707660000,-0.11
76,2018-11-22,6960.32,7050.23,7050.43,6944.95,786800000,-1.28
77,2018-11-21,7050.23,6947.92,7058.56,6947.92,864500000,1.47
78,2018-11-20,6947.92,7000.89,7010.1,6904.21,851710000,-0.76
79,2018-11-19,7000.89,7013.88,7070.46,6997.83,800440000,-0.19
80,2018-11-16,7013.88,7038.01,7092.44,6968.99,1040000000,-0.34
81,2018-11-15,7038.01,7033.79,7081.88,6979.57,1290000000,0.06
82,2018-11-14,7033.79,7053.76,7113.59,6979.68,953790000,-0.28
83,2018-11-13,7053.76,7053.08,7103.97,7016.64,1080000000,0.01
84,2018-11-12,7053.08,7105.34,7186.31,7053.08,730620000,-0.74
85,2018-11-09,7105.34,7140.68,7140.68,7070.8,672890000,-0.49
86,2018-11-08,7140.68,7117.28,7171.69,7115.01,697800000,0.33
87,2018-11-07,7117.28,7040.68,7136.75,7040.68,698980000,1.09
88,2018-11-06,7040.68,7103.84,7117.5,7027.45,666520000,-0.89
89,2018-11-05,7103.84,7094.12,7140.37,7077.4,570490000,0.14
90,2018-11-02,7094.12,7114.66,7196.39,7094.12,824950000,-0.29
91,2018-11-01,7114.66,7128.1,7165.61,7085.74,1060000000,-0.19
92,2018-10-31,7128.1,7035.85,7161.54,7035.85,923080000,1.31
93,2018-10-30,7035.85,7026.32,7060.06,6983.68,774720000,0.14
94,2018-10-29,7026.32,6939.56,7085.88,6939.56,804710000,1.25
95,2018-10-26,6939.56,7004.1,7004.16,6851.59,803060000,-0.92
96,2018-10-25,7004.1,6962.98,7004.1,6885.99,853930000,0.59
97,2018-10-24,6962.98,6955.21,7049.83,6955.21,797990000,0.11
98,2018-10-23,6955.21,7042.8,7042.8,6928.65,1010000000,-1.24
99,2018-10-22,7042.8,7049.8,7114.12,7042.05,806700000,-0.1
100,2018-10-19,7049.8,7026.99,7070.38,7012.56,800350000,0.32
101,2018-10-18,7026.99,7054.6,7078.76,7026.74,692860000,-0.39
102,2018-10-17,7054.6,7059.4,7089.03,7019.41,707140000,-0.07
103,2018-10-16,7059.4,7029.22,7062.08,6998.93,786100000,0.43
104,2018-10-15,7029.22,6995.91,7038.23,6961.28,674960000,0.48
105,2018-10-12,6995.91,7006.93,7073.99,6994.78,903680000,-0.16
106,2018-10-11,7006.93,7145.74,7145.74,6998.02,1210000000,-1.94
107,2018-10-10,7145.74,7237.59,7242.31,7145.74,1060000000,-1.27
108,2018-10-09,7237.59,7233.33,7247.64,7184.28,789690000,0.06
109,2018-10-08,7233.33,7318.54,7319.84,7233.33,695800000,-1.16
110,2018-10-05,7318.54,7418.34,7421.12,7318.54,758630000,-1.35
111,2018-10-04,7418.34,7510.28,7510.28,7411.31,826760000,-1.22
112,2018-10-03,7510.28,7474.55,7524.06,7474.55,849120000,0.48
113,2018-10-02,7474.55,7495.67,7495.67,7444.8,843120000,-0.28
114,2018-10-01,7495.67,7510.2,7526.2,7466.67,746180000,-0.19
115,2018-09-28,7510.2,7545.44,7548.36,7474.67,943920000,-0.47
116,2018-09-27,7545.44,7511.49,7552.02,7490.94,666220000,0.45
117,2018-09-26,7511.49,7507.56,7522.06,7490.2,693150000,0.05
118,2018-09-25,7507.56,7458.41,7515.94,7455.22,791700000,0.66
119,2018-09-24,7458.41,7490.23,7491.25,7450.53,710210000,-0.42
120,2018-09-21,7490.23,7367.32,7495.26,7367.32,1550000000,1.67
121,2018-09-20,7367.32,7331.12,7368.43,7324.01,891660000,0.49
122,2018-09-19,7331.12,7300.23,7346.11,7279.92,785950000,0.42
123,2018-09-18,7300.23,7302.1,7320.07,7281.98,722030000,-0.03
124,2018-09-17,7302.1,7304.04,7318.77,7267.83,640190000,-0.03
125,2018-09-14,7304.04,7281.57,7323.83,7281.57,595140000,0.31
126,2018-09-13,7281.57,7313.36,7319.57,7275.14,681150000,-0.43
127,2018-09-12,7313.36,7273.54,7325.25,7250.84,698110000,0.55
128,2018-09-11,7273.54,7279.3,7280.48,7220.5,664030000,-0.08
129,2018-09-10,7279.3,7277.7,7307.85,7256.51,717860000,0.02
130,2018-09-07,7277.7,7318.96,7328.3,7227.07,889090000,-0.56
131,2018-09-06,7318.96,7383.28,7397.74,7313.12,743690000,-0.87
132,2018-09-05,7383.28,7457.86,7457.86,7357.98,792990000,-1.0
133,2018-09-04,7457.86,7504.6,7535.12,7437.65,672990000,-0.62
134,2018-09-03,7504.6,7432.42,7516.06,7432.18,468850000,0.97
135,2018-08-31,7432.42,7516.03,7516.46,7428.67,838070000,-1.11
136,2018-08-30,7516.03,7563.21,7563.21,7497.54,642440000,-0.62
137,2018-08-29,7563.21,7617.22,7635.74,7545.08,709980000,-0.71
138,2018-08-28,7617.22,7577.49,7636.72,7577.49,603830000,0.52
139,2018-08-24,7577.49,7563.22,7587.19,7557.67,523570000,0.19
140,2018-08-23,7563.22,7574.24,7602.1,7560.85,592640000,-0.15
141,2018-08-22,7574.24,7565.7,7607.23,7531.24,630160000,0.11
142,2018-08-21,7565.7,7591.26,7601.65,7557.34,560350000,-0.34
143,2018-08-20,7591.26,7558.59,7616.15,7558.59,576840000,0.43
144,2018-08-17,7558.59,7556.38,7577.68,7514.26,621370000,0.03
145,2018-08-16,7556.38,7497.87,7565.18,7497.87,795280000,0.78
146,2018-08-15,7497.87,7611.64,7632.07,7477.05,994260000,-1.49
147,2018-08-14,7611.64,7642.45,7665.24,7599.66,787260000,-0.4
148,2018-08-13,7642.45,7667.01,7667.33,7614.48,612150000,-0.32
149,2018-08-10,7667.01,7741.77,7741.77,7657.72,684690000,-0.97
150,2018-08-09,7741.77,7776.65,7776.77,7714.52,582940000,-0.45
151,2018-08-08,7776.65,7718.48,7790.17,7707.3,621150000,0.75
152,2018-08-07,7718.48,7663.78,7752.08,7663.2,696340000,0.71
153,2018-08-06,7663.78,7659.1,7681.86,7636.6,838430000,0.06
154,2018-08-03,7659.1,7575.93,7665.16,7575.93,670040000,1.1
155,2018-08-02,7575.93,7652.91,7652.91,7549.34,1040000000,-1.01
156,2018-08-01,7652.91,7748.76,7751.1,7634.66,1010000000,-1.24
157,2018-07-31,7748.76,7700.85,7782.9,7695.76,943370000,0.62
158,2018-07-30,7700.85,7701.31,7718.06,7659.91,755660000,-0.01
159,2018-07-27,7701.31,7663.17,7717.22,7663.16,788380000,0.5
160,2018-07-26,7663.17,7658.26,7684.72,7640.94,607060000,0.06
161,2018-07-25,7658.26,7709.05,7710.25,7640.59,698480000,-0.66
162,2018-07-24,7709.05,7655.79,7740.64,7648.59,878890000,0.7
163,2018-07-23,7655.79,7678.79,7678.79,7621.75,591250000,-0.3
164,2018-07-20,7678.79,7683.97,7705.8,7631.66,706250000,-0.07
165,2018-07-19,7683.97,7676.28,7702.85,7660.02,716900000,0.1
166,2018-07-18,7676.28,7626.33,7685.68,7625.75,671520000,0.65
167,2018-07-17,7626.33,7600.45,7641.1,7581.83,746770000,0.34
168,2018-07-16,7600.45,7661.87,7667.71,7564.96,608960000,-0.8
169,2018-07-13,7661.87,7651.33,7716.24,7651.33,592170000,0.14
170,2018-07-12,7651.33,7591.96,7662.96,7591.96,769260000,0.78
171,2018-07-11,7591.96,7692.04,7692.04,7578.18,816820000,-1.3
172,2018-07-10,7692.04,7687.99,7715.07,7677.06,723210000,0.05
173,2018-07-09,7687.99,7617.7,7697.46,7617.7,697510000,0.92
174,2018-07-06,7617.7,7603.22,7631.19,7569.7,684000000,0.19
175,2018-07-05,7603.22,7573.09,7624.82,7572.69,631120000,0.4
176,2018-07-04,7573.09,7593.29,7593.29,7560.81,591920000,-0.27
177,2018-07-03,7593.29,7547.85,7632.12,7544.98,1050000000,0.6
178,2018-07-02,7547.85,7636.93,7636.93,7540.71,802390000,-1.17
179,2018-06-29,7636.93,7615.63,7706.64,7615.63,926730000,0.28
180,2018-06-28,7615.63,7621.69,7632.17,7576.01,815210000,-0.08
181,2018-06-27,7621.69,7537.92,7633.92,7512.03,1690000000,1.11
182,2018-06-26,7537.92,7509.84,7564.05,7509.84,1120000000,0.37
183,2018-06-25,7509.84,7682.27,7682.27,7508.32,815820000,-2.24
184,2018-06-22,7682.27,7556.44,7689.44,7556.2,738420000,1.67
185,2018-06-21,7556.44,7627.4,7670.78,7548.12,801610000,-0.93
186,2018-06-20,7627.4,7603.85,7705.2,7603.85,870100000,0.31
187,2018-06-19,7603.85,7631.33,7631.33,7548.84,921290000,-0.36
188,2018-06-18,7631.33,7633.91,7645.47,7601.6,683910000,-0.03
189,2018-06-15,7633.91,7765.79,7781.0,7633.91,1760000000,-1.7
190,2018-06-14,7765.79,7703.71,7793.45,7650.16,1150000000,0.81
191,2018-06-13,7703.71,7703.81,7746.7,7677.17,877980000,0.0
192,2018-06-12,7703.81,7737.43,7762.77,7701.33,797690000,-0.43
193,2018-06-11,7737.43,7681.07,7756.02,7681.07,758830000,0.73
194,2018-06-08,7681.07,7704.4,7714.32,7637.52,778850000,-0.3
195,2018-06-07,7704.4,7712.37,7756.66,7698.15,1090000000,-0.1
196,2018-06-06,7712.37,7686.8,7730.48,7671.62,909670000,0.33
197,2018-06-05,7686.8,7741.29,7744.46,7686.61,962540000,-0.7
198,2018-06-04,7741.29,7701.77,7772.12,7701.7,743520000,0.51
199,2018-06-01,7701.77,7678.2,7746.73,7678.2,807700000,0.31
200,2018-05-31,7678.2,7689.57,7727.45,7651.12,1590000000,-0.15
201,2018-05-30,7689.57,7632.64,7689.57,7618.12,950540000,0.75
202,2018-05-29,7632.64,7730.28,7730.28,7610.66,1330000000,-1.26
203,2018-05-25,7730.28,7716.74,7753.32,7703.26,852470000,0.18
204,2018-05-24,7716.74,7788.44,7803.45,7716.74,917820000,-0.92
205,2018-05-23,7788.44,7877.45,7877.45,7765.32,944430000,-1.13
206,2018-05-22,7877.45,7859.17,7903.5,7854.58,829870000,0.23
207,2018-05-21,7859.17,7778.79,7868.12,7778.12,713100000,1.03
208,2018-05-18,7778.79,7787.97,7791.41,7753.27,927550000,-0.12
209,2018-05-17,7787.97,7734.2,7788.23,7713.85,802620000,0.7
210,2018-05-16,7734.2,7722.98,7745.53,7717.76,959900000,0.15
211,2018-05-15,7722.98,7710.98,7752.02,7687.49,1060000000,0.16
212,2018-05-14,7710.98,7724.55,7727.96,7688.57,772860000,-0.18
213,2018-05-11,7724.55,7700.97,7728.89,7691.69,754160000,0.31
214,2018-05-10,7700.97,7662.52,7706.87,7631.58,901480000,0.5
215,2018-05-09,7662.52,7565.75,7662.52,7565.75,918680000,1.28
216,2018-05-08,7565.75,7567.14,7598.51,7550.44,896880000,-0.02
217,2018-05-04,7567.14,7502.69,7570.22,7502.69,886340000,0.86
218,2018-05-03,7502.69,7543.2,7555.18,7492.39,745260000,-0.54
219,2018-05-02,7543.2,7520.36,7572.98,7519.62,855110000,0.3
220,2018-05-01,7520.36,7509.3,7549.07,7506.57,584610000,0.15
221,2018-04-30,7509.3,7502.21,7546.16,7497.11,1020000000,0.09
222,2018-04-27,7502.21,7421.43,7507.12,7421.28,773110000,1.09
223,2018-04-26,7421.43,7379.32,7421.43,7355.0,839860000,0.57
224,2018-04-25,7379.32,7425.4,7427.13,7334.64,906770000,-0.62
225,2018-04-24,7425.4,7398.87,7439.58,7397.29,862030000,0.36
226,2018-04-23,7398.87,7368.17,7404.11,7359.73,799460000,0.42
227,2018-04-20,7368.17,7328.92,7368.17,7323.31,792270000,0.54
228,2018-04-19,7328.92,7317.34,7340.73,7309.42,811860000,0.16
229,2018-04-18,7317.34,7226.05,7325.59,7226.05,904180000,1.26
230,2018-04-17,7226.05,7198.2,7240.41,7189.85,735880000,0.39
231,2018-04-16,7198.2,7264.56,7265.83,7195.46,889300000,-0.91
232,2018-04-13,7264.56,7258.34,7274.99,7249.07,677120000,0.09
233,2018-04-12,7258.34,7257.14,7266.64,7240.76,687150000,0.02
234,2018-04-11,7257.14,7266.75,7270.28,7243.32,789650000,-0.13
235,2018-04-10,7266.75,7194.75,7266.75,7194.75,778170000,1.0
236,2018-04-09,7194.75,7183.64,7209.68,7145.57,691580000,0.15
237,2018-04-06,7183.64,7199.5,7214.02,7163.11,676290000,-0.22
238,2018-04-05,7199.5,7034.01,7199.5,7034.01,819220000,2.35
239,2018-04-04,7034.01,7030.46,7046.26,6971.75,818650000,0.05
240,2018-04-03,7030.46,7056.61,7064.98,6996.76,814720000,-0.37
241,2018-03-29,7056.61,7044.74,7109.93,7042.73,900250000,0.17
242,2018-03-28,7044.74,7000.14,7044.74,6923.33,785930000,0.64
243,2018-03-27,7000.14,6888.69,7042.37,6888.69,712080000,1.62
244,2018-03-26,6888.69,6921.94,6958.47,6866.94,788730000,-0.48
245,2018-03-23,6921.94,6952.59,6952.82,6876.96,906200000,-0.44
246,2018-03-22,6952.59,7038.97,7038.97,6914.45,887620000,-1.23
247,2018-03-21,7038.97,7061.27,7065.66,7016.79,785550000,-0.32
248,2018-03-20,7061.27,7042.93,7081.5,7042.6,764830000,0.26
249,2018-03-19,7042.93,7164.14,7164.19,7034.91,750730000,-1.69
250,2018-03-16,7164.14,7139.76,7187.27,7131.31,1420000000,0.34
251,2018-03-15,7139.76,7132.69,7162.58,7127.08,833050000,0.1
252,2018-03-14,7132.69,7138.78,7176.51,7122.76,775440000,-0.09
253,2018-03-13,7138.78,7214.76,7224.13,7125.6,790450000,-1.05
254,2018-03-12,7214.76,7224.51,7254.87,7198.18,631270000,-0.13
255,2018-03-09,7224.51,7203.24,7225.28,7189.74,671260000,0.3
256,2018-03-08,7203.24,7157.84,7212.14,7145.7,734710000,0.63
257,2018-03-07,7157.84,7146.75,7180.71,7109.56,889060000,0.16
258,2018-03-06,7146.75,7115.98,7197.8,7115.6,810450000,0.43
259,2018-03-05,7115.98,7069.9,7119.21,7062.13,956920000,0.65
260,2018-03-02,7069.9,7175.64,7175.64,7063.42,938590000,-1.47
261,2018-03-01,7175.64,7231.91,7231.91,7153.39,886340000,-0.78
262,2018-02-28,7231.91,7282.45,7293.36,7231.91,948410000,-0.69
263,2018-02-27,7282.45,7289.58,7326.02,7272.87,740360000,-0.1
264,2018-02-26,7289.58,7244.41,7312.98,7244.31,603890000,0.62
265,2018-02-23,7244.41,7252.39,7262.05,7220.81,695740000,-0.11
266,2018-02-22,7252.39,7281.57,7281.57,7187.76,952980000,-0.4
267,2018-02-21,7281.57,7246.77,7291.8,7220.55,930800000,0.48
268,2018-02-20,7246.77,7247.66,7264.78,7202.14,699560000,-0.01
269,2018-02-19,7247.66,7294.7,7306.21,7239.98,520050000,-0.64
270,2018-02-16,7294.7,7234.81,7307.97,7234.81,671910000,0.83
271,2018-02-15,7234.81,7213.97,7267.96,7206.69,770030000,0.29
272,2018-02-14,7213.97,7168.01,7243.15,7145.73,969400000,0.64
273,2018-02-13,7168.01,7177.06,7202.99,7165.83,740990000,-0.13
274,2018-02-12,7177.06,7092.43,7199.93,7092.43,737670000,1.19
275,2018-02-09,7092.43,7170.69,7170.69,7073.03,955730000,-1.09
276,2018-02-08,7170.69,7279.42,7279.42,7161.31,1000000000,-1.49
277,2018-02-07,7279.42,7141.4,7311.5,7141.4,1060000000,1.93
278,2018-02-06,7141.4,7334.98,7334.98,7079.41,1400000000,-2.64
279,2018-02-05,7334.98,7443.43,7443.43,7334.79,916490000,-1.46
280,2018-02-02,7443.43,7490.39,7494.76,7432.25,898530000,-0.63
281,2018-02-01,7490.39,7533.55,7554.73,7476.51,899490000,-0.57
282,2018-01-31,7533.55,7587.98,7599.01,7521.77,907200000,-0.72
283,2018-01-30,7587.98,7671.53,7671.67,7587.12,823710000,-1.09
284,2018-01-29,7671.53,7665.54,7689.15,7663.93,631880000,0.08
285,2018-01-26,7665.54,7615.84,7667.4,7615.84,735670000,0.65
286,2018-01-25,7615.84,7643.43,7662.35,7608.53,735310000,-0.36
287,2018-01-24,7643.43,7731.83,7731.98,7643.43,769850000,-1.14
288,2018-01-23,7731.83,7715.44,7745.22,7710.03,765380000,0.21
289,2018-01-22,7715.44,7730.79,7739.35,7703.67,752610000,-0.2
290,2018-01-19,7730.79,7700.96,7731.82,7694.66,820000000,0.39
291,2018-01-18,7700.96,7725.43,7739.54,7683.71,789200000,-0.32
292,2018-01-17,7725.43,7755.93,7755.93,7711.11,847950000,-0.39
293,2018-01-16,7755.93,7769.14,7791.83,7740.55,849620000,-0.17
294,2018-01-15,7769.14,7778.64,7783.61,7763.43,568970000,-0.12
295,2018-01-12,7778.64,7762.94,7792.56,7752.63,1170000000,0.2
296,2018-01-11,7762.94,7748.51,7768.96,7734.64,1010000000,0.19
297,2018-01-10,7748.51,7731.02,7756.11,7716.21,885660000,0.23
298,2018-01-09,7731.02,7696.51,7733.12,7696.5,728230000,0.45
299,2018-01-08,7696.51,7724.22,7733.39,7691.77,654440000,-0.36
300,2018-01-05,7724.22,7695.88,7727.73,7689.81,655710000,0.37
301,2018-01-04,7695.88,7671.11,7702.51,7671.11,727690000,0.32
302,2018-01-03,7671.11,7648.1,7689.86,7640.53,589340000,0.3
303,2018-01-02,7648.1,7687.77,7691.34,7624.14,594070000,-0.52
304,2017-12-29,7687.77,7622.88,7697.62,7620.01,298180000,0.85
305,2017-12-28,7622.88,7620.68,7633.55,7609.77,321520000,0.03
306,2017-12-27,7620.68,7592.66,7632.71,7586.42,472510000,0.37
307,2017-12-22,7592.66,7603.98,7614.4,7585.47,251370000,-0.15
308,2017-12-21,7603.98,7525.22,7609.69,7517.88,640560000,1.05
309,2017-12-20,7525.22,7544.09,7550.6,7511.45,679710000,-0.25
310,2017-12-19,7544.09,7537.01,7563.49,7534.08,695720000,0.09
311,2017-12-18,7537.01,7490.57,7544.26,7490.57,585560000,0.62
312,2017-12-15,7490.57,7448.12,7490.57,7433.78,1220000000,0.57
313,2017-12-14,7448.12,7496.51,7496.7,7448.12,924060000,-0.65
314,2017-12-13,7496.51,7500.41,7510.77,7492.58,1030000000,-0.05
315,2017-12-12,7500.41,7453.48,7501.52,7448.31,1020000000,0.63
316,2017-12-11,7453.48,7393.96,7458.4,7393.58,933600000,0.8
317,2017-12-08,7393.96,7320.75,7412.21,7314.23,1040000000,1.0
318,2017-12-07,7320.75,7348.03,7371.73,7314.6,823880000,-0.37
319,2017-12-06,7348.03,7327.5,7369.71,7289.36,692980000,0.28
320,2017-12-05,7327.5,7338.97,7373.9,7326.57,903630000,-0.16
321,2017-12-04,7338.97,7300.49,7369.65,7300.49,768160000,0.53
322,2017-12-01,7300.49,7326.67,7355.43,7288.73,865250000,-0.36
323,2017-11-30,7326.67,7393.56,7416.26,7326.67,1380000000,-0.9
324,2017-11-29,7393.56,7460.65,7460.65,7386.67,1110000000,-0.9
325,2017-11-28,7460.65,7383.9,7469.61,7373.95,946120000,1.04
326,2017-11-27,7383.9,7409.64,7438.39,7383.9,656440000,-0.35
327,2017-11-24,7409.64,7417.24,7425.19,7389.54,561890000,-0.1
328,2017-11-23,7417.24,7419.02,7422.73,7373.31,577460000,-0.02
329,2017-11-22,7419.02,7411.34,7460.91,7410.38,859390000,0.1
330,2017-11-21,7411.34,7389.46,7422.18,7367.86,753290000,0.3
331,2017-11-20,7389.46,7380.68,7397.39,7350.37,738280000,0.12
332,2017-11-17,7380.68,7386.94,7406.53,7356.16,731960000,-0.08
333,2017-11-16,7386.94,7372.61,7393.28,7368.14,926680000,0.19
334,2017-11-15,7372.61,7414.42,7415.09,7357.06,919470000,-0.56
335,2017-11-14,7414.42,7415.18,7436.57,7396.92,1180000000,-0.01
336,2017-11-13,7415.18,7432.99,7469.3,7402.95,759790000,-0.24
337,2017-11-10,7432.99,7484.1,7500.29,7421.73,694700000,-0.68
338,2017-11-09,7484.1,7529.72,7532.2,7476.89,860710000,-0.61
339,2017-11-08,7529.72,7513.11,7534.49,7504.77,807970000,0.22
340,2017-11-07,7513.11,7562.28,7582.85,7507.83,747480000,-0.65
341,2017-11-06,7562.28,7560.35,7572.9,7544.2,632910000,0.03
342,2017-11-03,7560.35,7555.32,7580.95,7541.91,672310000,0.07
343,2017-11-02,7555.32,7487.96,7562.26,7478.88,1030000000,0.9
344,2017-11-01,7487.96,7493.08,7532.36,7487.96,1210000000,-0.07
345,2017-10-31,7493.08,7487.81,7516.85,7483.97,730560000,0.07
346,2017-10-30,7487.81,7505.03,7507.02,7478.41,749410000,-0.23
347,2017-10-27,7505.03,7486.5,7520.76,7485.24,870030000,0.25
348,2017-10-26,7486.5,7447.21,7488.26,7440.11,1020000000,0.53
349,2017-10-25,7447.21,7526.54,7528.46,7437.42,922390000,-1.05
350,2017-10-24,7526.54,7524.45,7535.22,7508.5,676610000,0.03
351,2017-10-23,7524.45,7523.23,7542.0,7511.77,565830000,0.02
352,2017-10-20,7523.23,7523.04,7560.04,7517.07,752950000,0.0
353,2017-10-19,7523.04,7542.87,7542.87,7485.42,828890000,-0.26
354,2017-10-18,7542.87,7516.17,7555.24,7516.17,645750000,0.36
355,2017-10-17,7516.17,7526.97,7550.44,7506.31,1030000000,-0.14
356,2017-10-16,7526.97,7535.44,7557.0,7526.73,738060000,-0.11
357,2017-10-13,7535.44,7556.24,7556.24,7521.09,686920000,-0.28
358,2017-10-12,7556.24,7533.81,7565.11,7526.33,722800000,0.3
359,2017-10-11,7533.81,7538.27,7550.17,7519.6,1250000000,-0.06
360,2017-10-10,7538.27,7507.89,7543.88,7504.56,821710000,0.4
361,2017-10-09,7507.89,7522.87,7523.65,7493.68,695850000,-0.2
362,2017-10-06,7522.87,7507.99,7527.72,7507.99,694720000,0.2
363,2017-10-05,7507.99,7467.58,7507.99,7464.4,775860000,0.54
364,2017-10-04,7467.58,7468.11,7476.33,7456.61,945110000,-0.01
365,2017-10-03,7468.11,7438.84,7469.82,7426.67,718750000,0.39
366,2017-10-02,7438.84,7372.76,7438.84,7372.73,891030000,0.9
367,2017-09-29,7372.76,7322.82,7382.67,7321.64,750780000,0.68
368,2017-09-28,7322.82,7313.51,7323.33,7289.75,748360000,0.13
369,2017-09-27,7313.51,7285.74,7327.5,7285.74,857130000,0.38
370,2017-09-26,7285.74,7301.29,7311.82,7273.32,707670000,-0.21
371,2017-09-25,7301.29,7310.64,7312.45,7272.49,601760000,-0.13
372,2017-09-22,7310.64,7263.9,7320.28,7242.23,644900000,0.64
373,2017-09-21,7263.9,7271.95,7289.16,7260.05,807480000,-0.11
374,2017-09-20,7271.95,7275.25,7289.93,7249.58,794230000,-0.05
375,2017-09-19,7275.25,7253.28,7285.67,7243.59,797450000,0.3
376,2017-09-18,7253.28,7215.47,7257.45,7215.47,734330000,0.52
377,2017-09-15,7215.47,7295.39,7295.39,7196.58,1460000000,-1.1
378,2017-09-14,7295.39,7379.7,7390.7,7287.73,1260000000,-1.14
379,2017-09-13,7379.7,7400.69,7401.3,7336.23,870090000,-0.28
380,2017-09-12,7400.69,7413.59,7435.84,7386.98,768760000,-0.17
381,2017-09-11,7413.59,7377.6,7434.07,7377.6,633810000,0.49
382,2017-09-08,7377.6,7396.98,7396.98,7358.42,619110000,-0.26
383,2017-09-07,7396.98,7354.13,7412.68,7348.38,663670000,0.58
384,2017-09-06,7354.13,7372.92,7372.92,7322.42,697150000,-0.25
385,2017-09-05,7372.92,7411.47,7437.51,7369.58,558080000,-0.52
386,2017-09-04,7411.47,7438.5,7438.5,7404.05,398670000,-0.36
387,2017-09-01,7438.5,7430.62,7460.52,7430.06,552910000,0.11
388,2017-08-31,7430.62,7365.26,7443.68,7365.01,784890000,0.89
389,2017-08-30,7365.26,7337.43,7381.33,7337.43,686610000,0.38
390,2017-08-29,7337.43,7401.46,7401.62,7289.2,757210000,-0.87
391,2017-08-25,7401.46,7407.06,7439.53,7401.46,513070000,-0.08
392,2017-08-24,7407.06,7382.65,7437.87,7382.16,756850000,0.33
393,2017-08-23,7382.65,7381.74,7394.52,7360.33,611960000,0.01
394,2017-08-22,7381.74,7318.88,7387.55,7318.88,676380000,0.86
395,2017-08-21,7318.88,7323.98,7331.95,7296.8,552910000,-0.07
396,2017-08-18,7323.98,7387.87,7387.87,7302.47,741560000,-0.86
397,2017-08-17,7387.87,7433.03,7433.74,7382.16,593940000,-0.61
398,2017-08-16,7433.03,7383.85,7444.98,7383.85,586260000,0.67
399,2017-08-15,7383.85,7353.89,7399.35,7353.89,510540000,0.41
400,2017-08-14,7353.89,7309.96,7377.66,7309.96,553290000,0.6
401,2017-08-11,7309.96,7389.94,7389.96,7296.49,767620000,-1.08
402,2017-08-10,7389.94,7498.06,7498.06,7376.66,735230000,-1.44
403,2017-08-09,7498.06,7542.73,7542.73,7475.83,803930000,-0.59
404,2017-08-08,7542.73,7531.94,7551.85,7518.45,615740000,0.14
405,2017-08-07,7531.94,7511.71,7533.74,7511.71,632190000,0.27
406,2017-08-04,7511.71,7474.77,7519.06,7465.12,776410000,0.49
407,2017-08-03,7474.77,7411.43,7484.53,7384.22,819300000,0.85
408,2017-08-02,7411.43,7423.66,7434.71,7388.91,731350000,-0.16
409,2017-08-01,7423.66,7372.0,7440.14,7372.0,740610000,0.7
410,2017-07-31,7372.0,7368.37,7425.52,7367.86,927040000,0.05
411,2017-07-28,7368.37,7443.01,7443.01,7339.44,822650000,-1.0
412,2017-07-27,7443.01,7452.32,7461.85,7410.85,1010000000,-0.12
413,2017-07-26,7452.32,7434.82,7487.05,7434.68,774930000,0.24
414,2017-07-25,7434.82,7377.73,7453.74,7377.73,798830000,0.77
415,2017-07-24,7377.73,7452.91,7453.22,7357.5,1110000000,-1.01
416,2017-07-21,7452.91,7487.87,7515.12,7433.89,722770000,-0.47
417,2017-07-20,7487.87,7430.91,7502.73,7430.91,728090000,0.77
418,2017-07-19,7430.91,7390.22,7442.84,7379.33,660420000,0.55
419,2017-07-18,7390.22,7404.13,7418.53,7357.77,634510000,-0.19
420,2017-07-17,7404.13,7378.39,7426.37,7378.3,613970000,0.35
421,2017-07-14,7378.39,7413.44,7419.81,7363.77,852440000,-0.47
422,2017-07-13,7413.44,7416.93,7428.24,7403.75,970710000,-0.05
423,2017-07-12,7416.93,7329.76,7439.08,7329.76,821520000,1.19
424,2017-07-11,7329.76,7370.03,7386.88,7304.77,683490000,-0.55
425,2017-07-10,7370.03,7350.92,7388.02,7344.31,615600000,0.26
426,2017-07-07,7350.92,7337.28,7359.48,7314.69,690330000,0.19
427,2017-07-06,7337.28,7367.6,7373.85,7303.46,791240000,-0.41
428,2017-07-05,7367.6,7357.23,7386.92,7347.52,952880000,0.14
429,2017-07-04,7357.23,7377.09,7383.45,7336.75,600300000,-0.27
430,2017-07-03,7377.09,7312.72,7386.11,7312.26,726600000,0.88
431,2017-06-30,7312.72,7350.32,7377.38,7302.71,1010000000,-0.51
432,2017-06-29,7350.32,7387.8,7451.95,7341.75,959170000,-0.51
433,2017-06-28,7387.8,7434.36,7445.31,7381.36,859430000,-0.63
434,2017-06-27,7434.36,7446.8,7451.68,7411.36,725030000,-0.17
435,2017-06-26,7446.8,7424.13,7480.95,7424.13,714440000,0.31
436,2017-06-23,7424.13,7439.29,7441.79,7396.75,627790000,-0.2
437,2017-06-22,7439.29,7447.79,7448.48,7398.83,813130000,-0.11
438,2017-06-21,7447.79,7472.71,7477.17,7417.45,869740000,-0.33
439,2017-06-20,7472.71,7523.81,7561.07,7472.71,1040000000,-0.68
440,2017-06-19,7523.81,7463.54,7537.84,7463.54,568210000,0.81
441,2017-06-16,7463.54,7419.36,7478.99,7419.36,1950000000,0.6
442,2017-06-15,7419.36,7474.4,7474.51,7377.86,1010000000,-0.74
443,2017-06-14,7474.4,7500.44,7545.07,7474.4,972220000,-0.35
444,2017-06-13,7500.44,7511.87,7540.05,7491.86,782430000,-0.15
445,2017-06-12,7511.87,7527.33,7540.53,7483.61,712640000,-0.21
446,2017-06-09,7527.33,7449.98,7545.12,7449.73,1110000000,1.04
447,2017-06-08,7449.98,7478.62,7489.66,7449.98,893770000,-0.38
448,2017-06-07,7478.62,7524.95,7555.62,7476.33,901560000,-0.62
449,2017-06-06,7524.95,7525.76,7527.64,7502.83,867650000,-0.01
450,2017-06-05,7525.76,7547.63,7562.0,7519.06,624060000,-0.29
451,2017-06-02,7547.63,7543.77,7598.99,7539.96,823790000,0.05
452,2017-06-01,7543.77,7519.95,7558.63,7518.32,884730000,0.32
453,2017-05-31,7519.95,7526.51,7586.45,7519.68,1890000000,-0.09
454,2017-05-30,7526.51,7547.63,7547.65,7497.07,760550000,-0.28
455,2017-05-26,7547.63,7517.71,7554.21,7514.39,797460000,0.4
456,2017-05-25,7517.71,7514.9,7529.74,7497.07,638440000,0.04
457,2017-05-24,7514.9,7485.29,7519.58,7475.11,848440000,0.4
458,2017-05-23,7485.29,7496.34,7521.94,7485.29,699940000,-0.15
459,2017-05-22,7496.34,7470.71,7518.12,7470.71,691510000,0.34
460,2017-05-19,7470.71,7436.42,7480.28,7436.42,845280000,0.46
461,2017-05-18,7436.42,7503.47,7503.68,7389.26,1010000000,-0.89
462,2017-05-17,7503.47,7522.03,7532.95,7478.88,1020000000,-0.25
463,2017-05-16,7522.03,7454.37,7533.7,7452.44,1040000000,0.91
464,2017-05-15,7454.37,7435.39,7460.2,7434.24,857700000,0.26
465,2017-05-12,7435.39,7386.63,7435.39,7381.74,879090000,0.66
466,2017-05-11,7386.63,7385.24,7396.19,7369.23,985410000,0.02
467,2017-05-10,7385.24,7342.21,7398.58,7331.3,848260000,0.59
468,2017-05-09,7342.21,7300.86,7359.61,7300.86,729080000,0.57
469,2017-05-08,7300.86,7297.43,7322.32,7285.76,738840000,0.05
470,2017-05-05,7297.43,7248.1,7297.43,7222.81,908530000,0.68
471,2017-05-04,7248.1,7234.53,7280.7,7226.07,947130000,0.19
472,2017-05-03,7234.53,7250.05,7250.05,7218.56,790040000,-0.21
473,2017-05-02,7250.05,7203.94,7254.32,7203.94,939010000,0.64
474,2017-04-28,7203.94,7237.17,7243.31,7197.28,1180000000,-0.46
475,2017-04-27,7237.17,7288.72,7289.38,7224.35,1130000000,-0.71
476,2017-04-26,7288.72,7275.64,7302.57,7262.32,887070000,0.18
477,2017-04-25,7275.64,7264.68,7290.82,7258.74,861210000,0.15
478,2017-04-24,7264.68,7114.55,7273.9,7114.55,1060000000,2.11
479,2017-04-21,7114.55,7118.54,7134.53,7104.22,924440000,-0.06
480,2017-04-20,7118.54,7114.36,7127.58,7096.83,856400000,0.06
481,2017-04-19,7114.36,7147.5,7151.18,7114.36,1050000000,-0.46
482,2017-04-18,7147.5,7327.59,7327.59,7147.5,1070000000,-2.46
483,2017-04-13,7327.59,7348.99,7348.99,7298.85,738070000,-0.29
484,2017-04-12,7348.99,7365.5,7402.42,7348.84,915890000,-0.22
485,2017-04-11,7365.5,7348.94,7406.35,7332.59,820610000,0.23
486,2017-04-10,7348.94,7349.37,7359.25,7337.01,689470000,-0.01
487,2017-04-07,7349.37,7303.2,7349.37,7284.73,804730000,0.63
488,2017-04-06,7303.2,7331.68,7331.68,7258.11,912350000,-0.39
489,2017-04-05,7331.68,7321.82,7362.59,7321.82,772840000,0.13
490,2017-04-04,7321.82,7282.69,7324.6,7282.69,810270000,0.54
491,2017-04-03,7282.69,7322.92,7350.3,7280.76,769000000,-0.55
492,2017-03-31,7322.92,7369.52,7369.55,7322.92,986610000,-0.63
493,2017-03-30,7369.52,7373.72,7384.8,7340.25,784500000,-0.06
494,2017-03-29,7373.72,7343.42,7373.72,7313.9,803450000,0.41
495,2017-03-28,7343.42,7293.5,7349.59,7285.8,815610000,0.68
496,2017-03-27,7293.5,7336.82,7336.82,7255.78,802850000,-0.59
497,2017-03-24,7336.82,7340.71,7351.6,7322.86,652710000,-0.05
498,2017-03-23,7340.71,7324.72,7346.4,7307.65,807600000,0.22
499,2017-03-22,7324.72,7378.34,7378.4,7301.83,932570000,-0.73
500,2017-03-21,7378.34,7429.81,7440.85,7360.67,873160000,-0.69
501,2017-03-20,7429.81,7424.96,7433.68,7399.97,629940000,0.07
502,2017-03-17,7424.96,7415.95,7447.0,7402.64,1560000000,0.12
503,2017-03-16,7415.95,7368.64,7444.62,7368.64,1120000000,0.64
504,2017-03-15,7368.64,7357.85,7383.33,7357.58,845710000,0.15
505,2017-03-14,7357.85,7367.08,7386.17,7339.27,868570000,-0.13
506,2017-03-13,7367.08,7343.08,7377.41,7342.02,708550000,0.33
507,2017-03-10,7343.08,7314.96,7373.0,7314.96,948170000,0.38
508,2017-03-09,7314.96,7334.61,7336.26,7263.62,1080000000,-0.27
509,2017-03-08,7334.61,7338.99,7354.47,7315.86,893030000,-0.06
510,2017-03-07,7338.99,7350.12,7363.74,7335.27,870640000,-0.15
511,2017-03-06,7350.12,7374.26,7374.26,7338.94,758390000,-0.33
512,2017-03-03,7374.26,7382.35,7382.36,7353.64,876910000,-0.11
513,2017-03-02,7382.35,7382.9,7394.61,7372.68,955780000,-0.01
514,2017-03-01,7382.9,7263.44,7383.05,7263.44,1070000000,1.64
515,2017-02-28,7263.44,7253.0,7284.2,7246.6,1010000000,0.14
516,2017-02-27,7253.0,7243.7,7285.19,7239.66,856820000,0.13
517,2017-02-24,7243.7,7271.37,7271.86,7192.45,881800000,-0.38
518,2017-02-23,7271.37,7302.25,7310.05,7262.94,1100000000,-0.42
519,2017-02-22,7302.25,7274.83,7314.26,7274.71,1180000000,0.38
520,2017-02-21,7274.83,7299.86,7318.98,7267.49,924700000,-0.34
521,2017-02-20,7299.86,7299.96,7329.56,7283.29,655610000,0.0
522,2017-02-17,7299.96,7277.92,7307.14,7253.16,826580000,0.3
523,2017-02-16,7277.92,7302.41,7302.41,7260.74,705210000,-0.34
524,2017-02-15,7302.41,7268.56,7313.44,7268.56,738320000,0.47
525,2017-02-14,7268.56,7278.92,7292.65,7251.81,779700000,-0.14
526,2017-02-13,7278.92,7258.75,7298.47,7257.67,665380000,0.28
527,2017-02-10,7258.75,7229.5,7274.8,7229.45,902730000,0.4
528,2017-02-09,7229.5,7188.82,7238.74,7183.14,805920000,0.57
529,2017-02-08,7188.82,7186.22,7195.94,7147.18,963910000,0.04
530,2017-02-07,7186.22,7172.15,7227.22,7159.57,793590000,0.2
531,2017-02-06,7172.15,7188.3,7208.73,7165.17,633430000,-0.22
532,2017-02-03,7188.3,7140.75,7202.37,7133.63,810150000,0.67
533,2017-02-02,7140.75,7107.65,7163.94,7093.57,907250000,0.47
534,2017-02-01,7107.65,7099.15,7170.24,7099.15,809590000,0.12
535,2017-01-31,7099.15,7118.48,7162.53,7099.15,983510000,-0.27
536,2017-01-30,7118.48,7184.49,7184.7,7105.67,915510000,-0.92
537,2017-01-27,7184.49,7161.49,7184.73,7150.76,903600000,0.32
538,2017-01-26,7161.49,7164.43,7184.75,7151.34,933670000,-0.04
539,2017-01-25,7164.43,7150.34,7205.68,7150.34,1020000000,0.2
540,2017-01-24,7150.34,7151.18,7190.15,7144.44,1100000000,-0.01
541,2017-01-23,7151.18,7198.44,7198.44,7131.46,736250000,-0.66
542,2017-01-20,7198.44,7208.44,7221.01,7193.73,819060000,-0.14
543,2017-01-19,7208.44,7247.61,7249.63,7191.67,771560000,-0.54
544,2017-01-18,7247.61,7220.38,7260.47,7218.41,820140000,0.38
545,2017-01-17,7220.38,7327.13,7329.27,7220.38,879280000,-1.46
546,2017-01-16,7327.13,7337.81,7354.14,7320.47,633740000,-0.15
547,2017-01-13,7337.81,7292.37,7338.49,7292.37,836370000,0.62
548,2017-01-12,7292.37,7290.49,7302.34,7263.42,857070000,0.03
549,2017-01-11,7290.49,7275.47,7328.51,7257.15,905710000,0.21
550,2017-01-10,7275.47,7237.77,7284.81,7237.29,961630000,0.52
551,2017-01-09,7237.77,7210.05,7243.76,7207.4,725810000,0.38
552,2017-01-06,7210.05,7195.31,7210.05,7180.64,715800000,0.2
553,2017-01-05,7195.31,7189.74,7211.96,7172.77,792500000,0.08
554,2017-01-04,7189.74,7177.89,7189.74,7168.77,765000000,0.17
555,2017-01-03,7177.89,7142.83,7205.45,7142.83,820160000,0.49
556,2016-12-30,7142.83,7120.26,7142.83,7087.54,326490000,0.32
557,2016-12-29,7120.26,7106.08,7120.26,7074.47,395480000,0.2
558,2016-12-28,7106.08,7068.17,7109.37,7060.85,470760000,0.54
559,2016-12-23,7068.17,7063.68,7071.11,7054.64,191920000,0.06
560,2016-12-22,7063.68,7041.42,7063.68,7020.13,483160000,0.32
561,2016-12-21,7041.42,7043.96,7056.98,7025.68,618990000,-0.04
562,2016-12-20,7043.96,7017.16,7045.22,6992.62,744310000,0.38
563,2016-12-19,7017.16,7011.64,7025.74,6986.44,645420000,0.08
564,2016-12-16,7011.64,6999.01,7038.43,6990.35,1150000000,0.18
565,2016-12-15,6999.01,6949.19,7010.48,6925.88,1100000000,0.72
566,2016-12-14,6949.19,6968.57,6970.52,6941.95,1000000000,-0.28
567,2016-12-13,6968.57,6890.42,6977.99,6877.52,930150000,1.13
568,2016-12-12,6890.42,6954.21,6976.78,6875.43,946230000,-0.92
569,2016-12-09,6954.21,6931.55,6962.25,6929.46,827890000,0.33
570,2016-12-08,6931.55,6902.23,6937.51,6892.17,1050000000,0.42
571,2016-12-07,6902.23,6779.84,6902.23,6779.84,1160000000,1.81
572,2016-12-06,6779.84,6746.83,6785.32,6723.05,871540000,0.49
573,2016-12-05,6746.83,6730.72,6799.5,6697.65,814970000,0.24
574,2016-12-02,6730.72,6752.93,6752.93,6678.74,708450000,-0.33
575,2016-12-01,6752.93,6783.79,6789.3,6688.41,966720000,-0.45
576,2016-11-30,6783.79,6772.0,6845.74,6765.23,1330000000,0.17
577,2016-11-29,6772.0,6799.47,6800.91,6729.36,772230000,-0.4
578,2016-11-28,6799.47,6840.75,6840.96,6769.77,709670000,-0.6
579,2016-11-25,6840.75,6829.2,6852.14,6818.12,477580000,0.17
580,2016-11-24,6829.2,6817.71,6831.23,6790.69,491420000,0.17
581,2016-11-23,6817.71,6819.72,6880.74,6779.45,796850000,-0.03
582,2016-11-22,6819.72,6777.96,6851.37,6777.96,896750000,0.62
583,2016-11-21,6777.96,6775.77,6820.9,6754.16,781740000,0.03
584,2016-11-18,6775.77,6794.71,6811.62,6740.34,866730000,-0.28
585,2016-11-17,6794.71,6749.72,6798.75,6745.08,826250000,0.67
586,2016-11-16,6749.72,6792.74,6810.53,6735.69,877280000,-0.63
587,2016-11-15,6792.74,6753.18,6820.52,6753.18,1160000000,0.59
588,2016-11-14,6753.18,6730.43,6814.19,6730.43,1050000000,0.34
589,2016-11-11,6730.43,6827.98,6849.04,6709.72,1110000000,-1.43
590,2016-11-10,6827.98,6911.84,6997.25,6799.05,1740000000,-1.21
591,2016-11-09,6911.84,6843.13,6911.84,6696.33,1360000000,1.0
592,2016-11-08,6843.13,6806.9,6849.31,6795.06,832260000,0.53
593,2016-11-07,6806.9,6693.26,6806.9,6693.26,862190000,1.7
594,2016-11-04,6693.26,6790.51,6790.52,6676.56,875840000,-1.43
595,2016-11-03,6790.51,6845.42,6873.21,6790.51,1080000000,-0.8
596,2016-11-02,6845.42,6917.14,6917.14,6845.42,773900000,-1.04
597,2016-11-01,6917.14,6954.22,6993.79,6903.61,780870000,-0.53
598,2016-10-31,6954.22,6996.26,6996.26,6945.29,810760000,-0.6
599,2016-10-28,6996.26,6986.57,7006.43,6927.21,956620000,0.14
600,2016-10-27,6986.57,6958.09,7003.93,6924.05,961780000,0.41
601,2016-10-26,6958.09,7017.64,7017.64,6917.77,939840000,-0.85
602,2016-10-25,7017.64,6986.4,7067.23,6985.92,861000000,0.45
603,2016-10-24,6986.4,7020.47,7067.34,6983.4,677600000,-0.49
604,2016-10-21,7020.47,7026.9,7058.39,7011.09,757850000,-0.09
605,2016-10-20,7026.9,7021.92,7047.55,6998.84,843640000,0.07
606,2016-10-19,7021.92,7000.06,7031.2,6975.92,823090000,0.31
607,2016-10-18,7000.06,6947.55,7033.02,6946.39,795840000,0.76
608,2016-10-17,6947.55,7013.55,7013.55,6937.43,727720000,-0.94
609,2016-10-14,7013.55,6977.74,7055.18,6977.74,872170000,0.51
610,2016-10-13,6977.74,7024.01,7024.01,6930.04,1040000000,-0.66
611,2016-10-12,7024.01,7070.88,7079.42,7015.76,937940000,-0.66
612,2016-10-11,7070.88,7097.5,7129.83,7061.36,983130000,-0.38
613,2016-10-10,7097.5,7044.39,7104.49,7024.08,874920000,0.75
614,2016-10-07,7044.39,6999.96,7079.25,6999.96,1400000000,0.63
615,2016-10-06,6999.96,7033.25,7049.34,6999.96,821630000,-0.47
616,2016-10-05,7033.25,7074.34,7076.71,7024.13,970160000,-0.58
617,2016-10-04,7074.34,6983.52,7121.93,6983.52,1450000000,1.3
618,2016-10-03,6983.52,6899.33,6996.43,6898.09,745410000,1.22
619,2016-09-30,6899.33,6919.42,6919.42,6809.51,1180000000,-0.29
620,2016-09-29,6919.42,6849.38,6941.09,6849.38,859070000,1.02
621,2016-09-28,6849.38,6807.67,6878.21,6807.67,758300000,0.61
622,2016-09-27,6807.67,6818.04,6865.45,6768.86,847950000,-0.15
623,2016-09-26,6818.04,6909.43,6909.63,6806.47,795940000,-1.32
624,2016-09-23,6909.43,6911.4,6920.23,6882.62,760910000,-0.03
625,2016-09-22,6911.4,6834.77,6937.33,6834.77,756010000,1.12
626,2016-09-21,6834.77,6830.79,6879.81,6830.47,722080000,0.06
627,2016-09-20,6830.79,6813.55,6869.1,6798.02,715570000,0.25
628,2016-09-19,6813.55,6710.28,6813.95,6710.28,706090000,1.54
629,2016-09-16,6710.28,6730.3,6746.29,6692.73,1390000000,-0.3
630,2016-09-15,6730.3,6673.31,6736.84,6654.82,770120000,0.85
631,2016-09-14,6673.31,6665.63,6720.29,6665.63,695110000,0.12
632,2016-09-13,6665.63,6700.9,6724.74,6665.63,864670000,-0.53
633,2016-09-12,6700.9,6776.95,6776.95,6654.48,887970000,-1.12
634,2016-09-09,6776.95,6858.7,6862.38,6762.3,792450000,-1.19
635,2016-09-08,6858.7,6846.58,6889.64,6819.82,807430000,0.18
636,2016-09-07,6846.58,6826.05,6856.12,6814.87,938660000,0.3
637,2016-09-06,6826.05,6879.42,6887.92,6818.96,687090000,-0.78
638,2016-09-05,6879.42,6894.6,6910.66,6867.08,556660000,-0.22
639,2016-09-02,6894.6,6745.97,6928.25,6745.97,1180000000,2.2
640,2016-09-01,6745.97,6781.51,6826.22,6723.21,991760000,-0.52
641,2016-08-31,6781.51,6820.79,6832.89,6779.54,942420000,-0.58
642,2016-08-30,6820.79,6838.05,6851.83,6808.07,741100000,-0.25
643,2016-08-26,6838.05,6816.9,6857.29,6798.82,532510000,0.31
644,2016-08-25,6816.9,6835.78,6836.22,6779.15,657670000,-0.28
645,2016-08-24,6835.78,6868.51,6868.51,6825.22,748050000,-0.48
646,2016-08-23,6868.51,6828.54,6885.39,6828.54,722220000,0.59
647,2016-08-22,6828.54,6858.95,6884.61,6812.07,616670000,-0.44
648,2016-08-19,6858.95,6868.96,6871.48,6840.94,702480000,-0.15
649,2016-08-18,6868.96,6859.15,6893.35,6850.61,579270000,0.14
650,2016-08-17,6859.15,6893.92,6920.76,6849.9,716290000,-0.5
651,2016-08-16,6893.92,6941.19,6941.19,6893.92,643220000,-0.68
652,2016-08-15,6941.19,6916.02,6955.34,6907.17,551500000,0.36
653,2016-08-12,6916.02,6914.71,6931.04,6896.04,686790000,0.02
654,2016-08-11,6914.71,6866.42,6914.71,6812.73,758100000,0.7
655,2016-08-10,6866.42,6851.3,6866.42,6820.04,736640000,0.22
656,2016-08-09,6851.3,6809.13,6863.1,6807.76,869310000,0.62
657,2016-08-08,6809.13,6793.47,6829.47,6781.47,754480000,0.23
658,2016-08-05,6793.47,6740.16,6802.41,6738.57,880800000,0.79
659,2016-08-04,6740.16,6634.4,6749.67,6615.83,1000000000,1.59
660,2016-08-03,6634.4,6645.4,6673.63,6621.42,797080000,-0.17
661,2016-08-02,6645.4,6693.95,6694.14,6630.76,822030000,-0.73
662,2016-08-01,6693.95,6724.43,6769.41,6678.45,727710000,-0.45
663,2016-07-29,6724.43,6721.06,6740.47,6691.13,921700000,0.05
664,2016-07-28,6721.06,6750.43,6762.72,6718.9,1200000000,-0.44
665,2016-07-27,6750.43,6724.03,6780.05,6723.71,786510000,0.39
666,2016-07-26,6724.03,6710.13,6744.8,6708.58,737760000,0.21
667,2016-07-25,6710.13,6730.48,6756.13,6691.03,682060000,-0.3
668,2016-07-22,6730.48,6699.89,6735.94,6663.72,716110000,0.46
669,2016-07-21,6699.89,6728.99,6732.07,6694.52,809670000,-0.43
670,2016-07-20,6728.99,6697.37,6736.57,6694.36,767730000,0.47
671,2016-07-19,6697.37,6695.42,6711.69,6660.87,634740000,0.03
672,2016-07-18,6695.42,6669.24,6715.58,6653.67,878070000,0.39
673,2016-07-15,6669.24,6654.47,6669.24,6616.51,839250000,0.22
674,2016-07-14,6654.47,6670.4,6743.42,6648.4,924140000,-0.24
675,2016-07-13,6670.4,6680.69,6717.17,6654.64,1060000000,-0.15
676,2016-07-12,6680.69,6682.86,6703.09,6663.66,1170000000,-0.03
677,2016-07-11,6682.86,6590.64,6695.07,6590.64,968340000,1.4
678,2016-07-08,6590.64,6533.79,6605.83,6515.24,937840000,0.87
679,2016-07-07,6533.79,6463.59,6579.25,6463.59,1050000000,1.09
680,2016-07-06,6463.59,6545.37,6580.32,6432.47,1610000000,-1.25
681,2016-07-05,6545.37,6522.26,6561.58,6472.25,1180000000,0.35
682,2016-07-04,6522.26,6577.83,6612.13,6514.81,748240000,-0.84
683,2016-07-01,6577.83,6504.33,6587.44,6498.56,1100000000,1.13
684,2016-06-30,6504.33,6360.06,6504.33,6309.98,1560000000,2.27
685,2016-06-29,6360.06,6140.39,6360.06,6140.39,1500000000,3.58
686,2016-06-28,6140.39,5982.2,6170.26,5982.2,1590000000,2.64
687,2016-06-27,5982.2,6138.69,6138.69,5958.66,2510000000,-2.55
688,2016-06-24,6138.69,6338.1,6338.55,5788.74,3880000000,-3.15
689,2016-06-23,6338.1,6261.19,6380.58,6261.19,915160000,1.23
690,2016-06-22,6261.19,6226.55,6315.62,6222.01,884650000,0.56
691,2016-06-21,6226.55,6204.0,6250.19,6156.23,842010000,0.36
692,2016-06-20,6204.0,6021.09,6236.53,6021.09,1010000000,3.04
693,2016-06-17,6021.09,5950.48,6046.1,5950.48,1310000000,1.19
694,2016-06-16,5950.48,5966.8,5966.8,5899.97,815960000,-0.27
695,2016-06-15,5966.8,5923.53,6007.49,5923.39,868080000,0.73
696,2016-06-14,5923.53,6044.97,6044.97,5921.72,983530000,-2.01
697,2016-06-13,6044.97,6115.76,6115.76,6044.97,852840000,-1.16
698,2016-06-10,6115.76,6231.89,6231.89,6097.24,748340000,-1.86
699,2016-06-09,6231.89,6301.52,6301.73,6229.07,668490000,-1.1
700,2016-06-08,6301.52,6284.53,6304.51,6263.8,663110000,0.27
701,2016-06-07,6284.53,6273.4,6322.6,6273.4,690000000,0.18
702,2016-06-06,6273.4,6209.63,6301.56,6209.63,732580000,1.03
703,2016-06-03,6209.63,6185.61,6251.74,6168.19,660720000,0.39
704,2016-06-02,6185.61,6191.93,6220.27,6173.05,892210000,-0.1
705,2016-06-01,6191.93,6230.79,6233.18,6151.9,887240000,-0.62
706,2016-05-31,6230.79,6270.79,6290.07,6230.11,1330000000,-0.64
707,2016-05-27,6270.79,6265.65,6275.9,6250.27,577100000,0.08
708,2016-05-26,6265.65,6262.85,6281.73,6243.49,665570000,0.04
709,2016-05-25,6262.85,6219.26,6270.25,6219.26,870440000,0.7
710,2016-05-24,6219.26,6136.43,6231.85,6109.58,833810000,1.35
711,2016-05-23,6136.43,6156.32,6173.06,6122.57,653010000,-0.32
712,2016-05-20,6156.32,6053.35,6156.5,6053.35,780580000,1.7
713,2016-05-19,6053.35,6165.8,6165.8,6050.21,936490000,-1.82
714,2016-05-18,6165.8,6167.77,6169.33,6115.99,887530000,-0.03
715,2016-05-17,6167.77,6151.4,6215.88,6147.16,758810000,0.27
716,2016-05-16,6151.4,6138.5,6157.24,6092.21,445330000,0.21
717,2016-05-13,6138.5,6104.19,6138.5,6060.1,646360000,0.56
718,2016-05-12,6104.19,6162.49,6193.21,6094.14,698760000,-0.95
719,2016-05-11,6162.49,6156.65,6172.72,6131.22,573060000,0.09
720,2016-05-10,6156.65,6114.81,6180.19,6114.81,652990000,0.68
721,2016-05-09,6114.81,6125.7,6177.6,6108.37,669490000,-0.18
722,2016-05-06,6125.7,6117.25,6129.9,6054.74,720350000,0.14
723,2016-05-05,6117.25,6112.02,6152.59,6102.29,713230000,0.09
724,2016-05-04,6112.02,6185.59,6185.59,6100.76,775560000,-1.19
725,2016-05-03,6185.59,6241.89,6270.03,6159.86,895100000,-0.9
726,2016-04-29,6241.89,6322.4,6322.4,6241.89,865550000,-1.27
727,2016-04-28,6322.4,6319.91,6322.4,6224.47,861760000,0.04
728,2016-04-27,6319.91,6284.52,6319.91,6255.2,822360000,0.56
729,2016-04-26,6284.52,6260.92,6297.88,6260.92,776830000,0.38
730,2016-04-25,6260.92,6310.44,6324.6,6249.34,688680000,-0.78
731,2016-04-22,6310.44,6381.44,6381.58,6289.34,675930000,-1.11
732,2016-04-21,6381.44,6410.26,6427.32,6352.93,831610000,-0.45
733,2016-04-20,6410.26,6405.35,6421.91,6367.36,814750000,0.08
734,2016-04-19,6405.35,6353.52,6418.25,6353.49,808480000,0.82
735,2016-04-18,6353.52,6343.75,6354.88,6261.71,613390000,0.15
736,2016-04-15,6343.75,6365.1,6372.52,6328.19,780840000,-0.34
737,2016-04-14,6365.1,6362.89,6373.93,6335.4,853110000,0.03
738,2016-04-13,6362.89,6242.39,6362.89,6242.39,957140000,1.93
739,2016-04-12,6242.39,6200.12,6248.27,6176.28,690140000,0.68
740,2016-04-11,6200.12,6204.41,6229.66,6165.46,552590000,-0.07
741,2016-04-08,6204.41,6136.89,6216.28,6136.89,622130000,1.1
742,2016-04-07,6136.89,6161.63,6204.11,6119.38,761730000,-0.4
743,2016-04-06,6161.63,6091.23,6161.63,6091.23,738660000,1.16
744,2016-04-05,6091.23,6164.72,6164.74,6061.85,826020000,-1.19
745,2016-04-04,6164.72,6146.05,6201.95,6132.9,546680000,0.3
746,2016-04-01,6146.05,6174.9,6174.9,6076.89,747480000,-0.47
747,2016-03-31,6174.9,6203.17,6203.39,6149.82,746400000,-0.46
748,2016-03-30,6203.17,6105.9,6221.8,6105.9,803810000,1.59
749,2016-03-29,6105.9,6106.48,6156.67,6070.77,596330000,-0.01
750,2016-03-24,6106.48,6199.11,6199.11,6090.03,625280000,-1.49
751,2016-03-23,6199.11,6192.74,6216.76,6171.13,621500000,0.1
752,2016-03-22,6192.74,6184.58,6193.47,6110.39,738980000,0.13
753,2016-03-21,6184.58,6189.64,6215.3,6154.12,532070000,-0.08
754,2016-03-18,6189.64,6201.12,6237.02,6186.24,1130000000,-0.19
755,2016-03-17,6201.12,6175.49,6220.02,6125.7,832610000,0.42
756,2016-03-16,6175.49,6139.97,6186.18,6134.27,700760000,0.58
757,2016-03-15,6139.97,6174.57,6174.57,6114.77,700310000,-0.56
758,2016-03-14,6174.57,6139.79,6197.83,6139.79,688590000,0.57
759,2016-03-11,6139.79,6036.7,6150.88,6036.7,721700000,1.71
760,2016-03-10,6036.7,6146.32,6203.4,6036.7,1060000000,-1.78
761,2016-03-09,6146.32,6125.44,6174.82,6118.23,758330000,0.34
762,2016-03-08,6125.44,6182.4,6182.45,6101.89,913520000,-0.92
763,2016-03-07,6182.4,6199.43,6216.1,6125.64,817960000,-0.27
764,2016-03-04,6199.43,6130.46,6204.14,6130.46,866050000,1.13
765,2016-03-03,6130.46,6147.06,6173.7,6108.35,902840000,-0.27
766,2016-03-02,6147.06,6152.88,6194.01,6097.77,904550000,-0.09
767,2016-03-01,6152.88,6097.09,6153.75,6070.51,933630000,0.92
768,2016-02-29,6097.09,6096.01,6104.98,6033.21,941710000,0.02
769,2016-02-26,6096.01,6012.81,6115.37,6012.81,858940000,1.38
770,2016-02-25,6012.81,5867.18,6028.97,5867.18,999960000,2.48
771,2016-02-24,5867.18,5962.31,5966.73,5845.55,834680000,-1.6
772,2016-02-23,5962.31,6037.73,6037.73,5954.18,747390000,-1.25
773,2016-02-22,6037.73,5950.23,6065.81,5950.23,822110000,1.47
774,2016-02-19,5950.23,5971.95,6001.22,5916.26,692900000,-0.36
775,2016-02-18,5971.95,6030.32,6036.46,5948.25,809870000,-0.97
776,2016-02-17,6030.32,5862.17,6030.32,5862.17,948750000,2.87
777,2016-02-16,5862.17,5824.28,5880.72,5812.49,771100000,0.65
778,2016-02-15,5824.28,5707.6,5844.53,5707.6,724660000,2.04
779,2016-02-12,5707.6,5536.97,5707.6,5536.97,1080000000,3.08
780,2016-02-11,5536.97,5672.3,5672.3,5499.51,1070000000,-2.39
781,2016-02-10,5672.3,5632.19,5712.78,5616.88,994630000,0.71
782,2016-02-09,5632.19,5689.36,5739.25,5596.26,1150000000,-1.0
783,2016-02-08,5689.36,5848.06,5882.43,5666.13,995840000,-2.71
784,2016-02-05,5848.06,5898.76,5945.9,5839.36,983670000,-0.86
785,2016-02-04,5898.76,5837.14,5938.12,5831.12,1050000000,1.06
786,2016-02-03,5837.14,5922.01,5924.58,5791.04,1030000000,-1.43
787,2016-02-02,5922.01,6060.1,6060.45,5889.6,1020000000,-2.28
788,2016-02-01,6060.1,6083.79,6115.11,5993.84,833650000,-0.39
789,2016-01-29,6083.79,5931.78,6083.79,5931.78,1020000000,2.56
790,2016-01-28,5931.78,5990.37,6020.54,5889.37,918480000,-0.98
791,2016-01-27,5990.37,5911.46,5990.37,5870.75,902090000,1.33
792,2016-01-26,5911.46,5877.0,5919.17,5771.37,878660000,0.59
793,2016-01-25,5877.0,5900.01,5933.47,5851.83,828640000,-0.39
794,2016-01-22,5900.01,5773.79,5926.94,5773.79,906980000,2.19
795,2016-01-21,5773.79,5673.58,5781.24,5659.15,1120000000,1.77
796,2016-01-20,5673.58,5876.8,5876.8,5639.88,1070000000,-3.46
797,2016-01-19,5876.8,5779.92,5915.69,5779.92,833710000,1.68
798,2016-01-18,5779.92,5804.1,5852.09,5766.5,741110000,-0.42
799,2016-01-15,5804.1,5918.23,5934.62,5769.23,1120000000,-1.93
800,2016-01-14,5918.23,5960.97,5960.97,5829.26,1100000000,-0.72
801,2016-01-13,5960.97,5929.24,6011.13,5929.24,834540000,0.54
802,2016-01-12,5929.24,5871.83,5985.8,5866.67,831690000,0.98
803,2016-01-11,5871.83,5912.44,5941.93,5871.83,841790000,-0.69
804,2016-01-08,5912.44,5954.08,6013.38,5912.44,835010000,-0.7
805,2016-01-07,5954.08,6073.38,6073.38,5887.97,1090000000,-1.96
806,2016-01-06,6073.38,6137.24,6137.24,6018.65,721610000,-1.04
807,2016-01-05,6137.24,6093.43,6166.26,6079.23,643370000,0.72
808,2016-01-04,6093.43,6242.32,6242.32,6071.01,707340000,-2.39
809,2015-12-31,6242.32,6274.05,6278.31,6233.03,166420000,-0.51
810,2015-12-30,6274.05,6314.57,6314.57,6261.48,337960000,-0.64
811,2015-12-29,6314.57,6254.64,6314.57,6245.24,462310000,0.96
812,2015-12-24,6254.64,6240.98,6259.86,6236.85,112220000,0.22
813,2015-12-23,6240.98,6083.1,6248.5,6083.1,596530000,2.6
814,2015-12-22,6083.1,6034.84,6090.58,6031.82,437450000,0.8
815,2015-12-21,6034.84,6052.42,6113.96,6034.84,561860000,-0.29
816,2015-12-18,6052.42,6102.54,6105.57,6051.74,1270000000,-0.82
817,2015-12-17,6102.54,6061.19,6160.78,6061.19,747550000,0.68
818,2015-12-16,6061.19,6017.79,6089.31,6016.25,773630000,0.72
819,2015-12-15,6017.79,5874.06,6036.68,5874.06,836320000,2.45
820,2015-12-14,5874.06,5952.78,6009.92,5871.88,805170000,-1.32
821,2015-12-11,5952.78,6088.05,6088.05,5949.84,830910000,-2.22
822,2015-12-10,6088.05,6126.68,6127.09,6079.96,864010000,-0.63
823,2015-12-09,6126.68,6135.22,6175.75,6101.22,775110000,-0.14
824,2015-12-08,6135.22,6223.52,6224.86,6120.68,814510000,-1.42
825,2015-12-07,6223.52,6238.29,6287.23,6215.17,559030000,-0.24
826,2015-12-04,6238.29,6275.0,6277.59,6219.5,683050000,-0.59
827,2015-12-03,6275.0,6420.93,6444.72,6275.0,817890000,-2.27
828,2015-12-02,6420.93,6395.65,6447.34,6395.2,583610000,0.4
829,2015-12-01,6395.65,6356.09,6402.36,6356.09,809010000,0.62
830,2015-11-30,6356.09,6375.15,6387.11,6329.92,855380000,-0.3
831,2015-11-27,6375.15,6393.13,6393.13,6345.3,486350000,-0.28
832,2015-11-26,6393.13,6337.64,6395.33,6333.92,467830000,0.88
833,2015-11-25,6337.64,6277.23,6348.05,6277.23,694080000,0.96
834,2015-11-24,6277.23,6305.49,6305.49,6221.33,880470000,-0.45
835,2015-11-23,6305.49,6334.63,6334.63,6267.05,603420000,-0.46
836,2015-11-20,6334.63,6329.93,6360.73,6311.76,832320000,0.07
837,2015-11-19,6329.93,6278.97,6366.85,6278.97,772700000,0.81
838,2015-11-18,6278.97,6268.76,6283.9,6228.15,634120000,0.16
839,2015-11-17,6268.76,6146.38,6269.44,6146.38,719060000,1.99
840,2015-11-16,6146.38,6118.28,6161.9,6079.79,621590000,0.46
841,2015-11-13,6118.28,6178.68,6178.95,6088.76,702650000,-0.98
842,2015-11-12,6178.68,6297.2,6300.9,6178.68,852480000,-1.88
843,2015-11-11,6297.2,6275.28,6327.16,6272.69,636990000,0.35
844,2015-11-10,6275.28,6295.16,6329.69,6250.31,748090000,-0.32
845,2015-11-09,6295.16,6353.83,6380.42,6292.05,678630000,-0.92
846,2015-11-06,6353.83,6364.9,6395.19,6332.73,733580000,-0.17
847,2015-11-05,6364.9,6412.88,6421.81,6358.12,722040000,-0.75
848,2015-11-04,6412.88,6383.61,6459.46,6383.04,782760000,0.46
849,2015-11-03,6383.61,6361.8,6383.61,6344.7,627800000,0.34
850,2015-11-02,6361.8,6361.09,6364.42,6317.29,522270000,0.01
851,2015-10-30,6361.09,6395.8,6410.28,6337.65,738500000,-0.54
852,2015-10-29,6395.8,6437.8,6437.85,6358.16,852190000,-0.65
853,2015-10-28,6437.8,6365.27,6448.46,6355.78,819720000,1.14
854,2015-10-27,6365.27,6417.02,6419.62,6365.27,564360000,-0.81
855,2015-10-26,6417.02,6444.08,6453.0,6405.38,454680000,-0.42
856,2015-10-23,6444.08,6376.28,6487.89,6376.28,749540000,1.06
857,2015-10-22,6376.28,6348.42,6387.28,6321.65,740620000,0.44
858,2015-10-21,6348.42,6345.13,6387.29,6316.3,615200000,0.05
859,2015-10-20,6345.13,6352.33,6367.75,6319.25,592200000,-0.11
860,2015-10-19,6352.33,6378.04,6408.09,6336.27,476840000,-0.4
861,2015-10-16,6378.04,6338.67,6398.23,6338.67,610630000,0.62
862,2015-10-15,6338.67,6269.61,6351.43,6269.61,644980000,1.1
863,2015-10-14,6269.61,6342.28,6342.28,6268.29,638450000,-1.15
864,2015-10-13,6342.28,6371.18,6371.18,6303.02,722570000,-0.45
865,2015-10-12,6371.18,6416.16,6416.16,6351.34,552280000,-0.7
866,2015-10-09,6416.16,6374.82,6453.22,6374.82,768200000,0.65
867,2015-10-08,6374.82,6336.35,6380.3,6303.46,742310000,0.61
868,2015-10-07,6336.35,6326.16,6396.34,6319.77,1020000000,0.16
869,2015-10-06,6326.16,6298.92,6343.71,6255.1,737900000,0.43
870,2015-10-05,6298.92,6129.98,6301.05,6129.98,890100000,2.76
871,2015-10-02,6129.98,6072.47,6176.2,6051.62,888460000,0.95
872,2015-10-01,6072.47,6061.61,6172.78,6053.26,873580000,0.18
873,2015-09-30,6061.61,5909.24,6061.61,5909.24,1050000000,2.58
874,2015-09-29,5909.24,5958.86,5958.86,5877.08,1030000000,-0.83
875,2015-09-28,5958.86,6109.01,6110.31,5958.86,997740000,-2.46
876,2015-09-25,6109.01,5961.49,6120.67,5961.49,863420000,2.47
877,2015-09-24,5961.49,6032.24,6055.64,5947.19,894320000,-1.17
878,2015-09-23,6032.24,5935.84,6067.56,5933.23,748150000,1.62
879,2015-09-22,5935.84,6108.71,6111.57,5935.84,970780000,-2.83
880,2015-09-21,6108.71,6104.11,6168.74,6083.64,719110000,0.08
881,2015-09-18,6104.11,6186.99,6188.74,6053.87,1550000000,-1.34
882,2015-09-17,6186.99,6229.21,6239.86,6182.63,861350000,-0.68
883,2015-09-16,6229.21,6137.6,6244.94,6137.6,844320000,1.49
884,2015-09-15,6137.6,6084.59,6158.08,6019.92,728370000,0.87
885,2015-09-14,6084.59,6117.76,6191.82,6065.43,617180000,-0.54
886,2015-09-11,6117.76,6155.81,6174.28,6113.1,584620000,-0.62
887,2015-09-10,6155.81,6229.01,6229.01,6127.52,772720000,-1.18
888,2015-09-09,6229.01,6146.1,6284.17,6146.1,756980000,1.35
889,2015-09-08,6146.1,6074.52,6196.47,6074.52,685130000,1.18
890,2015-09-07,6074.52,6042.92,6125.67,6042.92,479130000,0.52
891,2015-09-04,6042.92,6194.1,6194.1,6040.49,766160000,-2.44
892,2015-09-03,6194.1,6083.31,6215.74,6083.31,758470000,1.82
893,2015-09-02,6083.31,6058.54,6161.68,6021.36,791460000,0.41
894,2015-09-01,6058.54,6247.94,6247.94,6028.71,1030000000,-3.03
895,2015-08-28,6247.94,6192.03,6247.94,6152.01,895700000,0.9
896,2015-08-27,6192.03,5979.2,6212.48,5979.2,1060000000,3.56
897,2015-08-26,5979.2,6081.34,6095.05,5949.94,1020000000,-1.68
898,2015-08-25,6081.34,5898.87,6115.74,5898.87,1380000000,3.09
899,2015-08-24,5898.87,6187.65,6187.65,5768.22,1710000000,-4.67
900,2015-08-21,6187.65,6367.89,6367.89,6187.65,832210000,-2.83
901,2015-08-20,6367.89,6403.45,6408.61,6359.71,750760000,-0.56
902,2015-08-19,6403.45,6526.29,6526.52,6403.45,721080000,-1.88
903,2015-08-18,6526.29,6550.3,6564.55,6505.69,555000000,-0.37
904,2015-08-17,6550.3,6550.74,6585.88,6507.76,485850000,-0.01
905,2015-08-14,6550.74,6568.33,6603.17,6544.42,595480000,-0.27
906,2015-08-13,6568.33,6571.19,6634.71,6553.45,689590000,-0.04
907,2015-08-12,6571.19,6664.54,6664.54,6536.41,1120000000,-1.4
908,2015-08-11,6664.54,6736.22,6736.22,6663.98,727570000,-1.06
909,2015-08-10,6736.22,6718.49,6751.49,6653.65,789150000,0.26
910,2015-08-07,6718.49,6747.09,6754.77,6718.49,614010000,-0.42
911,2015-08-06,6747.09,6752.41,6763.34,6717.49,713000000,-0.08
912,2015-08-05,6752.41,6686.57,6764.82,6686.57,873480000,0.98
913,2015-08-04,6686.57,6688.62,6715.51,6644.65,1440000000,-0.03
914,2015-08-03,6688.62,6696.28,6710.79,6668.18,700910000,-0.11
915,2015-07-31,6696.28,6668.87,6705.42,6646.26,958420000,0.41
916,2015-07-30,6668.87,6631.0,6697.4,6631.0,802150000,0.57
917,2015-07-29,6631.0,6555.28,6634.04,6555.28,845400000,1.16
918,2015-07-28,6555.28,6505.13,6569.45,6505.13,730870000,0.77
919,2015-07-27,6505.13,6579.81,6589.48,6495.67,686740000,-1.13
920,2015-07-24,6579.81,6655.01,6684.81,6573.96,664740000,-1.13
921,2015-07-23,6655.01,6667.34,6711.49,6644.85,651240000,-0.18
922,2015-07-22,6667.34,6769.07,6769.07,6653.39,714920000,-1.5
923,2015-07-21,6769.07,6788.69,6800.13,6758.75,573510000,-0.29
924,2015-07-20,6788.69,6775.08,6813.41,6772.09,431750000,0.2
925,2015-07-17,6775.08,6796.45,6799.78,6764.8,602280000,-0.31
926,2015-07-16,6796.45,6753.75,6805.14,6752.09,605230000,0.63
927,2015-07-15,6753.75,6753.75,6775.91,6728.49,566430000,0.0
928,2015-07-14,6753.75,6737.95,6753.75,6710.62,595320000,0.23
929,2015-07-13,6737.95,6673.38,6743.05,6673.38,661870000,0.97
930,2015-07-10,6673.38,6581.63,6687.57,6581.63,720750000,1.39
931,2015-07-09,6581.63,6490.7,6594.18,6490.7,788630000,1.4
932,2015-07-08,6490.7,6432.21,6515.06,6430.36,941350000,0.91
933,2015-07-07,6432.21,6535.68,6543.8,6432.21,789930000,-1.58
934,2015-07-06,6535.68,6585.78,6585.78,6506.71,629530000,-0.76
935,2015-07-03,6585.78,6630.47,6630.75,6572.46,462880000,-0.67
936,2015-07-02,6630.47,6608.59,6647.7,6600.37,608680000,0.33
937,2015-07-01,6608.59,6520.98,6637.34,6520.98,814010000,1.34
938,2015-06-30,6520.98,6620.48,6620.75,6520.98,909530000,-1.5
939,2015-06-29,6620.48,6753.7,6753.7,6598.64,786020000,-1.97
940,2015-06-26,6753.7,6807.82,6807.82,6731.13,613760000,-0.79
941,2015-06-25,6807.82,6844.8,6869.04,6798.8,675600000,-0.54
942,2015-06-24,6844.8,6834.87,6873.43,6834.32,688930000,0.15
943,2015-06-23,6834.87,6825.67,6856.49,6825.67,598080000,0.13
944,2015-06-22,6825.67,6710.45,6825.67,6710.45,772660000,1.72
945,2015-06-19,6710.45,6707.88,6759.29,6691.82,1270000000,0.04
946,2015-06-18,6707.88,6680.55,6707.88,6625.16,797210000,0.41
947,2015-06-17,6680.55,6710.1,6731.54,6665.95,706470000,-0.44
948,2015-06-16,6710.1,6710.52,6723.49,6656.9,740510000,-0.01
949,2015-06-15,6710.52,6784.92,6784.92,6708.5,574230000,-1.1
950,2015-06-12,6784.92,6846.74,6846.74,6760.06,610750000,-0.9
951,2015-06-11,6846.74,6830.27,6870.19,6807.29,699560000,0.24
952,2015-06-10,6830.27,6753.8,6843.57,6734.15,843900000,1.13
953,2015-06-09,6753.8,6790.04,6803.75,6736.88,702830000,-0.53
954,2015-06-08,6790.04,6804.6,6827.16,6781.66,555750000,-0.21
955,2015-06-05,6804.6,6859.24,6859.24,6785.15,777840000,-0.8
956,2015-06-04,6859.24,6950.46,6950.46,6838.95,807840000,-1.31
957,2015-06-03,6950.46,6928.27,6985.69,6901.79,722280000,0.32
958,2015-06-02,6928.27,6953.58,6972.25,6872.12,891350000,-0.36
959,2015-06-01,6953.58,6984.43,7037.58,6942.66,715730000,-0.44
960,2015-05-29,6984.43,7040.92,7069.93,6967.92,1210000000,-0.8
961,2015-05-28,7040.92,7033.33,7049.62,7005.88,625450000,0.11
962,2015-05-27,7033.33,6948.99,7054.14,6948.62,668800000,1.21
963,2015-05-26,6948.99,7031.72,7039.55,6930.28,692150000,-1.18
964,2015-05-22,7031.72,7013.47,7061.66,7013.47,641040000,0.26
965,2015-05-21,7013.47,7007.26,7026.01,6994.26,582840000,0.09
966,2015-05-20,7007.26,6995.1,7018.7,6962.06,850670000,0.17
967,2015-05-19,6995.1,6968.87,7011.35,6968.87,801430000,0.38
968,2015-05-18,6968.87,6960.49,7015.49,6931.64,633210000,0.12
969,2015-05-15,6960.49,6973.04,7009.41,6937.12,723610000,-0.18
970,2015-05-14,6973.04,6949.63,6977.93,6884.63,622170000,0.34
971,2015-05-13,6949.63,6933.8,6989.91,6920.65,820350000,0.23
972,2015-05-12,6933.8,7029.85,7029.85,6887.52,865970000,-1.37
973,2015-05-11,7029.85,7046.82,7083.72,7025.17,816710000,-0.24
974,2015-05-08,7046.82,6886.95,7046.82,6885.79,1430000000,2.32
975,2015-05-07,6886.95,6933.74,6933.74,6810.05,973560000,-0.67
976,2015-05-06,6933.74,6927.58,6974.82,6913.46,910980000,0.09
977,2015-05-05,6927.58,6985.95,7053.18,6927.58,1050000000,-0.84
978,2015-05-01,6985.95,6960.63,6995.41,6919.39,863400000,0.36
979,2015-04-30,6960.63,6946.28,6970.34,6906.24,934300000,0.21
980,2015-04-29,6946.28,7030.53,7058.19,6945.56,791050000,-1.2
981,2015-04-28,7030.53,7103.98,7103.99,6983.97,821000000,-1.03
982,2015-04-27,7103.98,7070.7,7122.74,7025.27,700790000,0.47
983,2015-04-24,7070.7,7053.67,7102.59,7051.17,821320000,0.24
984,2015-04-23,7053.67,7028.24,7055.15,6995.79,736400000,0.36
985,2015-04-22,7028.24,7062.93,7092.34,6997.15,809070000,-0.49
986,2015-04-21,7062.93,7052.13,7105.13,7030.0,676070000,0.15
987,2015-04-20,7052.13,6994.63,7067.84,6994.63,601950000,0.82
988,2015-04-17,6994.63,7060.45,7093.52,6979.32,800540000,-0.93
989,2015-04-16,7060.45,7096.78,7119.35,7057.74,773860000,-0.51
990,2015-04-15,7096.78,7075.26,7111.72,7058.34,744940000,0.3
991,2015-04-14,7075.26,7064.3,7086.06,7044.6,690650000,0.16
992,2015-04-13,7064.3,7089.77,7089.84,7046.68,610970000,-0.36
993,2015-04-10,7089.77,7015.36,7095.36,7015.36,826730000,1.06
994,2015-04-09,7015.36,6937.41,7016.99,6937.41,720210000,1.12
995,2015-04-08,6937.41,6961.77,7012.06,6931.59,892290000,-0.35
996,2015-04-07,6961.77,6833.46,6967.69,6833.46,725880000,1.88
997,2015-04-02,6833.46,6809.5,6849.91,6801.27,593710000,0.35
998,2015-04-01,6809.5,6773.04,6856.43,6765.4,809440000,0.54
999,2015-03-31,6773.04,6891.43,6910.07,6765.05,928180000,-1.72
1000,2015-03-30,6891.43,6855.02,6914.6,6855.02,659070000,0.53
1001,2015-03-27,6855.02,6895.33,6910.55,6839.88,759280000,-0.58
1002,2015-03-26,6895.33,6990.97,6990.97,6876.84,965480000,-1.37
1003,2015-03-25,6990.97,7019.68,7035.11,6983.94,665750000,-0.41
1004,2015-03-24,7019.68,7037.67,7065.08,7012.51,722190000,-0.26
1005,2015-03-23,7037.67,7022.51,7037.67,6991.43,694420000,0.22
1006,2015-03-20,7022.51,6962.32,7024.21,6960.81,1460000000,0.86
1007,2015-03-19,6962.32,6945.2,6982.79,6929.73,834200000,0.25
1008,2015-03-18,6945.2,6837.61,6945.2,6837.26,796530000,1.57
1009,2015-03-17,6837.61,6804.08,6846.9,6798.47,780790000,0.49
1010,2015-03-16,6804.08,6740.58,6809.08,6740.58,706940000,0.94
1011,2015-03-13,6740.58,6761.07,6777.77,6713.5,732040000,-0.3
1012,2015-03-12,6761.07,6721.51,6799.84,6721.51,872090000,0.59
1013,2015-03-11,6721.51,6702.84,6738.95,6693.8,769930000,0.28
1014,2015-03-10,6702.84,6876.47,6876.86,6702.84,914710000,-2.52
1015,2015-03-09,6876.47,6911.8,6911.8,6859.81,691320000,-0.51
1016,2015-03-06,6911.8,6961.14,6961.23,6911.8,771790000,-0.71
1017,2015-03-05,6961.14,6919.24,6968.64,6914.06,823100000,0.61
1018,2015-03-04,6919.24,6889.13,6919.24,6862.87,764090000,0.44
1019,2015-03-03,6889.13,6940.64,6963.55,6889.13,808290000,-0.74
1020,2015-03-02,6940.64,6946.66,6974.26,6924.33,802780000,-0.09
1021,2015-02-27,6946.66,6949.73,6967.24,6929.84,908710000,-0.04
1022,2015-02-26,6949.73,6935.38,6949.98,6920.54,806280000,0.21
1023,2015-02-25,6935.38,6949.63,6955.41,6904.88,718030000,-0.21
1024,2015-02-24,6949.63,6912.16,6958.89,6899.59,857360000,0.54
1025,2015-02-23,6912.16,6915.2,6943.61,6885.89,700280000,-0.04
1026,2015-02-20,6915.2,6888.9,6920.51,6884.77,787660000,0.38
1027,2015-02-19,6888.9,6898.08,6907.3,6858.67,661610000,-0.13
1028,2015-02-18,6898.08,6898.13,6921.32,6876.3,698360000,0.0
1029,2015-02-17,6898.13,6857.05,6898.13,6819.78,631890000,0.6
1030,2015-02-16,6857.05,6873.52,6878.66,6851.77,428640000,-0.24
1031,2015-02-13,6873.52,6828.11,6887.57,6828.11,757580000,0.67
1032,2015-02-12,6828.11,6818.17,6854.62,6817.23,834910000,0.15
1033,2015-02-11,6818.17,6829.12,6838.33,6786.12,641790000,-0.16
1034,2015-02-10,6829.12,6837.15,6843.9,6788.89,795910000,-0.12
1035,2015-02-09,6837.15,6853.44,6853.44,6777.99,639890000,-0.24
1036,2015-02-06,6853.44,6865.93,6886.22,6835.48,668590000,-0.18
1037,2015-02-05,6865.93,6860.02,6870.1,6808.19,753810000,0.09
1038,2015-02-04,6860.02,6871.8,6883.49,6804.1,835230000,-0.17
1039,2015-02-03,6871.8,6782.55,6886.31,6782.39,882170000,1.32
1040,2015-02-02,6782.55,6749.4,6795.52,6731.99,780980000,0.49
1041,2015-01-30,6749.4,6810.6,6843.98,6749.4,823480000,-0.9
1042,2015-01-29,6810.6,6825.94,6825.94,6750.22,726310000,-0.22
1043,2015-01-28,6825.94,6811.61,6863.0,6777.08,803720000,0.21
1044,2015-01-27,6811.61,6852.4,6864.97,6773.54,735990000,-0.6
1045,2015-01-26,6852.4,6832.83,6855.92,6790.13,630840000,0.29
1046,2015-01-23,6832.83,6796.63,6841.73,6796.58,863800000,0.53
1047,2015-01-22,6796.63,6728.04,6808.18,6726.24,954660000,1.02
1048,2015-01-21,6728.04,6620.1,6728.04,6620.1,873750000,1.63
1049,2015-01-20,6620.1,6585.53,6640.44,6585.53,697940000,0.52
1050,2015-01-19,6585.53,6550.27,6598.89,6548.0,554550000,0.54
1051,2015-01-16,6550.27,6498.78,6553.2,6443.28,830660000,0.79
1052,2015-01-15,6498.78,6388.46,6498.78,6298.15,1010000000,1.73
1053,2015-01-14,6388.46,6542.2,6542.2,6353.65,1000000000,-2.35
1054,2015-01-13,6542.2,6501.42,6558.83,6465.19,694410000,0.63
1055,2015-01-12,6501.42,6501.14,6542.43,6447.91,620940000,0.0
1056,2015-01-09,6501.14,6569.96,6570.24,6471.38,761330000,-1.05
1057,2015-01-08,6569.96,6419.83,6580.82,6419.83,910040000,2.34
1058,2015-01-07,6419.83,6366.51,6459.74,6366.51,709500000,0.84
1059,2015-01-06,6366.51,6417.16,6452.66,6328.59,793260000,-0.79
1060,2015-01-05,6417.16,6547.8,6576.74,6404.49,750520000,-2.0
1061,2015-01-02,6547.8,6566.09,6607.89,6510.6,378930000,-0.28
1062,2014-12-31,6566.09,6547.0,6578.24,6547.0,129450000,0.29
1063,2014-12-30,6547.0,6633.51,6633.51,6528.89,348400000,-1.3
1064,2014-12-29,6633.51,6609.93,6651.96,6587.87,361180000,0.36
1065,2014-12-24,6609.93,6598.18,6618.09,6586.05,261330000,0.18
1066,2014-12-23,6598.18,6576.74,6620.47,6576.74,392040000,0.33
1067,2014-12-22,6576.74,6545.27,6620.95,6545.27,498580000,0.48
1068,2014-12-19,6545.27,6466.0,6566.9,6466.0,1180000000,1.23
1069,2014-12-18,6466.0,6336.48,6466.0,6336.48,967410000,2.04
1070,2014-12-17,6336.48,6331.83,6359.68,6240.32,745850000,0.07
1071,2014-12-16,6331.83,6182.72,6331.83,6144.72,1040000000,2.41
1072,2014-12-15,6182.72,6300.63,6356.34,6182.72,985780000,-1.87
1073,2014-12-12,6300.63,6461.7,6461.7,6297.44,793970000,-2.49
1074,2014-12-11,6461.7,6500.04,6521.66,6441.28,757390000,-0.59
1075,2014-12-10,6500.04,6529.47,6565.77,6500.04,692350000,-0.45
1076,2014-12-09,6529.47,6672.15,6672.15,6529.47,950810000,-2.14
1077,2014-12-08,6672.15,6742.84,6742.84,6672.15,513900000,-1.05
1078,2014-12-05,6742.84,6679.37,6751.32,6679.37,678460000,0.95
1079,2014-12-04,6679.37,6716.63,6733.96,6672.67,699900000,-0.55
1080,2014-12-03,6716.63,6742.1,6753.19,6713.81,706050000,-0.38
1081,2014-12-02,6742.1,6656.37,6744.31,6656.37,654950000,1.29
1082,2014-12-01,6656.37,6722.62,6722.62,6637.39,726570000,-0.99
1083,2014-11-28,6722.62,6723.42,6734.71,6667.08,839390000,-0.01
1084,2014-11-27,6723.42,6729.17,6749.91,6713.76,517210000,-0.09
1085,2014-11-26,6729.17,6731.14,6765.01,6718.53,586890000,-0.03
1086,2014-11-25,6731.14,6729.79,6750.87,6709.31,907290000,0.02
1087,2014-11-24,6729.79,6750.76,6763.97,6720.09,675410000,-0.31
1088,2014-11-21,6750.76,6678.9,6773.14,6678.9,845580000,1.08
1089,2014-11-20,6678.9,6696.6,6696.82,6641.14,640500000,-0.26
1090,2014-11-19,6696.6,6709.13,6718.88,6678.13,802690000,-0.19
1091,2014-11-18,6709.13,6671.97,6714.12,6671.75,653230000,0.56
1092,2014-11-17,6671.97,6654.37,6681.55,6616.12,537370000,0.26
1093,2014-11-14,6654.37,6635.45,6654.37,6610.13,627540000,0.29
1094,2014-11-13,6635.45,6611.04,6645.9,6596.89,721390000,0.37
1095,2014-11-12,6611.04,6627.4,6629.33,6588.93,702770000,-0.25
1096,2014-11-11,6627.4,6611.25,6632.57,6605.34,764950000,0.24
1097,2014-11-10,6611.25,6567.24,6611.25,6566.78,575420000,0.67
1098,2014-11-07,6567.24,6551.15,6608.23,6551.15,764960000,0.25
1099,2014-11-06,6551.15,6539.14,6580.21,6503.81,799910000,0.18
1100,2014-11-05,6539.14,6453.97,6539.14,6453.97,769260000,1.32
1101,2014-11-04,6453.97,6487.97,6510.31,6444.89,816650000,-0.52
1102,2014-11-03,6487.97,6546.47,6559.56,6478.49,712570000,-0.89
1103,2014-10-31,6546.47,6463.55,6553.37,6463.55,1060000000,1.28
1104,2014-10-30,6463.55,6453.87,6483.24,6378.15,815850000,0.15
1105,2014-10-29,6453.87,6402.17,6475.35,6402.17,700840000,0.81
1106,2014-10-28,6402.17,6363.46,6412.0,6363.46,800680000,0.61
1107,2014-10-27,6363.46,6388.73,6443.76,6336.06,781570000,-0.4
1108,2014-10-24,6388.73,6419.15,6419.15,6372.43,717830000,-0.47
1109,2014-10-23,6419.15,6399.73,6430.32,6313.32,840400000,0.3
1110,2014-10-22,6399.73,6372.33,6401.51,6341.39,725610000,0.43
1111,2014-10-21,6372.33,6267.07,6372.33,6229.4,855940000,1.68
1112,2014-10-20,6267.07,6310.29,6320.31,6238.6,723300000,-0.68
1113,2014-10-17,6310.29,6195.91,6312.97,6188.04,1110000000,1.85
1114,2014-10-16,6195.91,6211.64,6282.95,6072.68,1700000000,-0.25
1115,2014-10-15,6211.64,6392.68,6404.96,6211.64,1140000000,-2.83
1116,2014-10-14,6392.68,6366.24,6403.43,6304.27,830850000,0.42
1117,2014-10-13,6366.24,6339.97,6387.36,6294.64,846370000,0.41
1118,2014-10-10,6339.97,6431.85,6431.85,6328.39,893110000,-1.43
1119,2014-10-09,6431.85,6482.24,6544.21,6425.16,864390000,-0.78
1120,2014-10-08,6482.24,6495.58,6502.36,6453.81,822970000,-0.21
1121,2014-10-07,6495.58,6563.65,6563.84,6495.58,858000000,-1.04
1122,2014-10-06,6563.65,6527.91,6588.31,6527.91,722220000,0.55
1123,2014-10-03,6527.91,6446.39,6542.87,6446.39,750610000,1.26
1124,2014-10-02,6446.39,6557.52,6557.67,6446.39,805720000,-1.69
1125,2014-10-01,6557.52,6622.72,6622.81,6539.73,789710000,-0.98
1126,2014-09-30,6622.72,6646.6,6658.91,6601.62,882270000,-0.36
1127,2014-09-29,6646.6,6649.39,6653.94,6608.66,564790000,-0.04
1128,2014-09-26,6649.39,6639.71,6664.0,6615.12,588720000,0.15
1129,2014-09-25,6639.71,6706.27,6726.4,6621.48,927830000,-0.99
1130,2014-09-24,6706.27,6676.08,6707.26,6651.98,793650000,0.45
1131,2014-09-23,6676.08,6773.63,6777.27,6647.21,762690000,-1.44
1132,2014-09-22,6773.63,6837.92,6838.35,6766.89,674060000,-0.94
1133,2014-09-19,6837.92,6819.29,6876.0,6819.29,1540000000,0.27
1134,2014-09-18,6819.29,6780.9,6822.6,6769.58,644480000,0.57
1135,2014-09-17,6780.9,6792.24,6816.89,6780.9,596030000,-0.17
1136,2014-09-16,6792.24,6804.21,6804.34,6748.09,592890000,-0.18
1137,2014-09-15,6804.21,6806.96,6813.87,6771.69,529230000,-0.04
1138,2014-09-12,6806.96,6799.62,6832.16,6799.39,552970000,0.11
1139,2014-09-11,6799.62,6830.11,6857.54,6764.86,648020000,-0.45
1140,2014-09-10,6830.11,6829.0,6847.79,6800.04,585610000,0.02
1141,2014-09-09,6829.0,6834.77,6846.18,6812.5,580800000,-0.08
1142,2014-09-08,6834.77,6855.1,6855.1,6773.78,752270000,-0.3
1143,2014-09-05,6855.1,6877.97,6884.96,6829.1,596550000,-0.33
1144,2014-09-04,6877.97,6873.58,6904.86,6866.25,688900000,0.06
1145,2014-09-03,6873.58,6829.17,6898.62,6826.73,674900000,0.65
1146,2014-09-02,6829.17,6825.31,6849.28,6812.31,820230000,0.06
1147,2014-09-01,6825.31,6819.75,6825.31,6798.33,404270000,0.08
1148,2014-08-29,6819.75,6805.8,6828.92,6782.63,720980000,0.2
1149,2014-08-28,6805.8,6830.66,6831.19,6796.86,498070000,-0.36
1150,2014-08-27,6830.66,6822.76,6830.66,6813.24,481230000,0.12
1151,2014-08-26,6822.76,6775.25,6827.32,6775.25,538320000,0.7
1152,2014-08-22,6775.25,6777.66,6784.63,6746.37,571520000,-0.04
1153,2014-08-21,6777.66,6755.48,6780.73,6752.7,423430000,0.33
1154,2014-08-20,6755.48,6779.31,6781.23,6739.76,466210000,-0.35
1155,2014-08-19,6779.31,6741.25,6782.9,6740.65,459710000,0.56
1156,2014-08-18,6741.25,6689.08,6745.72,6689.08,413050000,0.78
1157,2014-08-15,6689.08,6685.26,6742.82,6685.25,545280000,0.06
1158,2014-08-14,6685.26,6656.68,6694.64,6641.81,512930000,0.43
1159,2014-08-13,6656.68,6632.42,6664.34,6625.98,527730000,0.37
1160,2014-08-12,6632.42,6632.82,6643.7,6612.52,448280000,-0.01
1161,2014-08-11,6632.82,6567.36,6645.83,6567.36,494370000,1.0
1162,2014-08-08,6567.36,6597.37,6597.37,6528.73,645420000,-0.45
1163,2014-08-07,6597.37,6636.16,6649.05,6589.78,565630000,-0.58
1164,2014-08-06,6636.16,6682.48,6682.48,6588.43,803800000,-0.69
1165,2014-08-05,6682.48,6677.52,6713.52,6671.46,512850000,0.07
1166,2014-08-04,6677.52,6679.18,6715.56,6669.93,522830000,-0.02
1167,2014-08-01,6679.18,6730.11,6730.11,6624.72,695020000,-0.76
1168,2014-07-31,6730.11,6773.44,6797.09,6716.29,919870000,-0.64
1169,2014-07-30,6773.44,6807.75,6815.29,6758.24,692780000,-0.5
1170,2014-07-29,6807.75,6788.07,6833.67,6784.04,527060000,0.29
1171,2014-07-28,6788.07,6791.55,6809.61,6761.77,528420000,-0.05
1172,2014-07-25,6791.55,6821.46,6830.77,6780.65,661620000,-0.44
1173,2014-07-24,6821.46,6798.15,6821.46,6767.33,541590000,0.34
1174,2014-07-23,6798.15,6795.34,6822.65,6773.11,588950000,0.04
1175,2014-07-22,6795.34,6728.44,6801.84,6728.44,537780000,0.99
1176,2014-07-21,6728.44,6749.45,6753.42,6715.78,470700000,-0.31
1177,2014-07-18,6749.45,6738.32,6749.89,6690.9,584830000,0.17
1178,2014-07-17,6738.32,6784.67,6784.67,6727.71,631290000,-0.68
1179,2014-07-16,6784.67,6710.45,6792.55,6710.45,610710000,1.11
1180,2014-07-15,6710.45,6746.14,6764.0,6709.15,604330000,-0.53
1181,2014-07-14,6746.14,6690.17,6760.73,6690.17,468490000,0.84
1182,2014-07-11,6690.17,6672.37,6696.1,6663.67,533170000,0.27
1183,2014-07-10,6672.37,6718.04,6724.8,6643.62,764870000,-0.68
1184,2014-07-09,6718.04,6738.45,6740.82,6692.77,601510000,-0.3
1185,2014-07-08,6738.45,6823.51,6831.02,6738.45,660680000,-1.25
1186,2014-07-07,6823.51,6866.05,6866.37,6817.6,387940000,-0.62
1187,2014-07-04,6866.05,6865.21,6875.31,6856.35,329360000,0.01
1188,2014-07-03,6865.21,6816.37,6866.56,6815.45,523960000,0.72
1189,2014-07-02,6816.37,6802.92,6829.49,6796.61,479500000,0.2
1190,2014-07-01,6802.92,6743.94,6805.9,6743.94,513050000,0.87
1191,2014-06-30,6743.94,6757.77,6777.11,6730.45,614340000,-0.2
1192,2014-06-27,6757.77,6735.12,6767.63,6735.12,516990000,0.34
1193,2014-06-26,6735.12,6733.62,6753.25,6701.59,902550000,0.02
1194,2014-06-25,6733.62,6787.07,6787.07,6716.35,585450000,-0.79
1195,2014-06-24,6787.07,6800.56,6824.45,6776.8,570130000,-0.2
1196,2014-06-23,6800.56,6825.2,6829.76,6785.83,466640000,-0.36
1197,2014-06-20,6825.2,6808.11,6840.62,6791.2,1020000000,0.25
1198,2014-06-19,6808.11,6778.56,6837.57,6778.56,563400000,0.44
1199,2014-06-18,6778.56,6766.77,6799.59,6766.77,511300000,0.17
1200,2014-06-17,6766.77,6754.64,6774.87,6736.11,572510000,0.18
1201,2014-06-16,6754.64,6777.85,6779.4,6748.04,568440000,-0.34
1202,2014-06-13,6777.85,6843.11,6843.11,6758.15,640610000,-0.95
1203,2014-06-12,6843.11,6838.87,6853.18,6827.03,527380000,0.06
1204,2014-06-11,6838.87,6873.55,6873.55,6825.24,675330000,-0.5
1205,2014-06-10,6873.55,6875.0,6875.24,6835.8,534390000,-0.02
1206,2014-06-09,6875.0,6858.21,6878.96,6857.7,388130000,0.24
1207,2014-06-06,6858.21,6813.49,6862.91,6813.49,766310000,0.66
1208,2014-06-05,6813.49,6818.63,6847.0,6795.27,626570000,-0.08
1209,2014-06-04,6818.63,6836.3,6840.6,6800.1,560720000,-0.26
1210,2014-06-03,6836.3,6864.1,6865.38,6817.96,504990000,-0.41
1211,2014-06-02,6864.1,6844.51,6874.38,6844.51,573720000,0.29
1212,2014-05-30,6844.51,6871.29,6874.33,6831.99,1170000000,-0.39
1213,2014-05-29,6871.29,6851.22,6882.14,6848.06,403370000,0.29
1214,2014-05-28,6851.22,6844.94,6855.83,6833.61,577490000,0.09
1215,2014-05-27,6844.94,6815.75,6857.1,6815.37,585490000,0.43
1216,2014-05-23,6815.75,6820.56,6825.53,6793.47,485850000,-0.07
1217,2014-05-22,6820.56,6821.04,6846.57,6810.19,564130000,-0.01
1218,2014-05-21,6821.04,6802.0,6821.04,6782.8,733750000,0.28
1219,2014-05-20,6802.0,6844.55,6848.36,6792.51,680770000,-0.62
1220,2014-05-19,6844.55,6855.81,6862.2,6804.31,744480000,-0.16
1221,2014-05-16,6855.81,6840.89,6855.94,6813.5,985980000,0.22
1222,2014-05-15,6840.89,6878.49,6894.88,6821.66,896970000,-0.55
1223,2014-05-14,6878.49,6873.08,6880.07,6854.02,529680000,0.08
1224,2014-05-13,6873.08,6851.75,6877.39,6845.95,631550000,0.31
1225,2014-05-12,6851.75,6814.57,6851.75,6814.57,565080000,0.55
1226,2014-05-09,6814.57,6839.25,6839.42,6805.39,617680000,-0.36
1227,2014-05-08,6839.25,6796.44,6840.37,6796.44,818480000,0.63
1228,2014-05-07,6796.44,6798.56,6799.34,6766.84,768890000,-0.03
1229,2014-05-06,6798.56,6822.42,6828.62,6785.32,732620000,-0.35
1230,2014-05-02,6822.42,6808.87,6838.17,6798.61,746450000,0.2
1231,2014-05-01,6808.87,6780.03,6811.64,6773.69,648190000,0.43
1232,2014-04-30,6780.03,6769.91,6794.88,6748.76,773110000,0.15
1233,2014-04-29,6769.91,6700.16,6769.91,6700.1,674490000,1.04
1234,2014-04-28,6700.16,6685.69,6720.33,6682.9,652390000,0.22
1235,2014-04-25,6685.69,6702.85,6704.37,6657.3,578700000,-0.26
1236,2014-04-24,6703.0,6674.74,6724.58,6667.65,616110000,0.42
1237,2014-04-23,6674.74,6681.76,6694.82,6661.42,637850000,-0.11
1238,2014-04-22,6681.76,6625.25,6706.19,6625.25,840730000,0.85
1239,2014-04-17,6625.25,6584.17,6627.25,6559.35,842350000,0.62
1240,2014-04-16,6584.17,6541.61,6596.99,6541.61,686340000,0.65
1241,2014-04-15,6541.61,6583.76,6594.24,6534.2,858940000,-0.64
1242,2014-04-14,6583.76,6561.7,6583.76,6507.08,979650000,0.34
1243,2014-04-11,6561.7,6641.97,6641.97,6538.75,817950000,-1.21
1244,2014-04-10,6641.97,6635.61,6688.28,6620.39,670600000,0.1
1245,2014-04-09,6635.61,6590.69,6654.05,6590.41,758990000,0.68
1246,2014-04-08,6590.69,6622.84,6625.19,6549.75,1060000000,-0.49
1247,2014-04-07,6622.84,6695.55,6695.55,6614.73,666070000,-1.09
1248,2014-04-04,6695.55,6649.14,6706.34,6649.14,876230000,0.7
1249,2014-04-03,6649.14,6659.04,6680.78,6638.52,670680000,-0.15
1250,2014-04-02,6659.04,6652.61,6672.73,6639.63,971880000,0.1
1251,2014-04-01,6652.61,6598.37,6660.27,6598.37,853490000,0.82
1252,2014-03-31,6598.37,6615.58,6658.4,6583.09,867820000,-0.26
1253,2014-03-28,6615.58,6588.32,6631.48,6585.73,1000000000,0.41
1254,2014-03-27,6588.32,6605.3,6605.3,6561.39,850230000,-0.26
1255,2014-03-26,6605.3,6604.89,6643.58,6601.78,1430000000,0.01
1256,2014-03-25,6604.89,6520.39,6604.89,6520.39,674290000,1.3
1257,2014-03-24,6520.39,6557.17,6568.96,6506.42,762850000,-0.56
1258,2014-03-21,6557.17,6542.44,6572.09,6537.89,1500000000,0.23
1259,2014-03-20,6542.44,6573.13,6573.13,6492.62,795070000,-0.47
1260,2014-03-19,6573.13,6605.28,6609.46,6566.85,1050000000,-0.49
1261,2014-03-18,6605.28,6568.35,6628.2,6534.86,723560000,0.56
1262,2014-03-17,6568.35,6527.89,6592.37,6527.87,692710000,0.62
1263,2014-03-14,6527.89,6553.78,6553.78,6500.37,847300000,-0.4
1264,2014-03-13,6553.78,6620.9,6631.38,6552.46,894840000,-1.01
1265,2014-03-12,6620.9,6685.52,6685.52,6598.36,891940000,-0.97
1266,2014-03-11,6685.52,6689.45,6718.3,6660.59,868650000,-0.06
1267,2014-03-10,6689.45,6712.67,6757.0,6671.62,820420000,-0.35
1268,2014-03-07,6712.67,6788.49,6800.66,6706.38,793750000,-1.12
1269,2014-03-06,6788.49,6775.42,6806.62,6770.95,664690000,0.19
1270,2014-03-05,6775.42,6823.77,6824.16,6771.5,623860000,-0.71
1271,2014-03-04,6823.77,6708.35,6827.22,6708.35,734140000,1.72
1272,2014-03-03,6708.35,6809.7,6809.7,6671.89,829080000,-1.49
1273,2014-02-28,6809.7,6810.27,6833.82,6785.54,924580000,-0.01
1274,2014-02-27,6810.27,6799.15,6819.24,6733.54,845700000,0.16
1275,2014-02-26,6799.15,6830.5,6834.09,6785.28,739000000,-0.46
1276,2014-02-25,6830.5,6862.73,6866.35,6790.93,1160000000,-0.52
1277,2014-02-24,6865.86,6838.06,6865.86,6797.83,1070000000,0.41
1278,2014-02-21,6838.06,6812.99,6859.91,6812.99,1020000000,0.37
1279,2014-02-20,6812.99,6796.71,6812.99,6732.03,742460000,0.24
1280,2014-02-19,6796.71,6796.43,6810.48,6759.86,793950000,0.0
1281,2014-02-18,6796.43,6736.0,6802.89,6716.64,826630000,0.9
1282,2014-02-17,6736.0,6663.62,6745.63,6661.47,630250000,1.09
1283,2014-02-14,6663.62,6659.42,6672.21,6646.47,912780000,0.06
1284,2014-02-13,6659.42,6675.03,6675.24,6608.09,1170000000,-0.23
1285,2014-02-12,6675.03,6672.66,6708.17,6669.06,820070000,0.04
1286,2014-02-11,6672.66,6591.55,6672.66,6591.55,934910000,1.23
1287,2014-02-10,6591.55,6571.68,6597.0,6565.3,593690000,0.3
1288,2014-02-07,6571.68,6558.28,6596.28,6540.81,708470000,0.2
1289,2014-02-06,6558.28,6457.89,6566.01,6457.89,815150000,1.55
1290,2014-02-05,6457.89,6449.27,6483.73,6423.79,810170000,0.13
1291,2014-02-04,6449.27,6465.66,6478.16,6416.72,922890000,-0.25
1292,2014-02-03,6465.66,6510.44,6538.3,6459.95,829890000,-0.69
1293,2014-01-31,6510.44,6538.45,6548.46,6421.26,751200000,-0.43
1294,2014-01-30,6538.45,6544.28,6573.92,6503.25,755890000,-0.09
1295,2014-01-29,6544.28,6572.33,6645.23,6482.74,990210000,-0.43
1296,2014-01-28,6572.33,6550.66,6590.66,6550.65,675700000,0.33
1297,2014-01-27,6550.66,6663.74,6665.39,6539.33,985290000,-1.7
1298,2014-01-24,6663.74,6773.28,6784.42,6654.86,844750000,-1.62
1299,2014-01-23,6773.28,6826.33,6837.21,6760.63,668660000,-0.78
1300,2014-01-22,6826.33,6834.26,6864.87,6821.8,548740000,-0.12
1301,2014-01-21,6834.26,6836.73,6867.42,6822.31,618280000,-0.04
1302,2014-01-20,6836.73,6829.3,6837.53,6810.62,424810000,0.11
1303,2014-01-17,6829.3,6815.42,6840.5,6800.0,999740000,0.2
1304,2014-01-16,6815.42,6819.86,6831.74,6811.16,714150000,-0.07
1305,2014-01-15,6819.86,6766.86,6825.2,6766.86,693720000,0.78
1306,2014-01-14,6766.86,6757.15,6772.63,6694.08,568350000,0.14
1307,2014-01-13,6757.15,6739.94,6765.6,6730.97,598030000,0.26
1308,2014-01-10,6739.94,6691.34,6769.94,6691.34,811610000,0.73
1309,2014-01-09,6691.34,6721.78,6746.41,6679.31,782900000,-0.45
1310,2014-01-08,6721.78,6755.45,6755.53,6713.39,720030000,-0.5
1311,2014-01-07,6755.45,6730.73,6768.89,6718.07,672380000,0.37
1312,2014-01-06,6730.73,6730.67,6751.98,6714.64,524390000,0.0
1313,2014-01-03,6730.67,6717.91,6747.33,6699.27,374840000,0.19
1314,2014-01-02,6717.91,6749.09,6759.37,6707.48,459530000,-0.46
